[2026-08-11 04:05:00 PDT / JST 08-11 20:05] Instagram 終了コード: 0
[2026-08-11 04:05:00 PDT / JST 08-11 20:05] --- Threads 投稿を開始 ---
[2026-08-11 20:05:00] 全 33 件 / Threads 未投稿 21 件
[2026-08-11 20:05:00] いま投稿すべき pending はありませんでした。
[2026-08-11 04:05:00 PDT / JST 08-11 20:05] Threads 終了コード: 0
[2026-08-11 04:05:00 PDT / JST 08-11 20:05] --- 正常終了 ---
[2026-08-11 05:05:00 PDT / JST 08-11 21:05] python3 = /usr/bin/python3
[2026-08-11 05:05:00 PDT / JST 08-11 21:05] --- Instagram 投稿を開始 ---
[INFO] スケジュール読み込み完了: 全33件 / 保留中(pending): 5件
[INFO] 現在の時間に実行予定の保留中（pending）の投稿はありませんでした。
[2026-08-11 05:05:00 PDT / JST 08-11 21:05] Instagram 終了コード: 0
[2026-08-11 05:05:00 PDT / JST 08-11 21:05] --- Threads 投稿を開始 ---
[2026-08-11 21:05:00] 全 33 件 / Threads 未投稿 21 件
[2026-08-11 21:05:00] 投稿実行: 13 (予定 2026-08-11 21:00:00)
[2026-08-11 21:05:00]   コンテナ作成中 (media_type=VIDEO)
[2026-08-11 21:05:02]   コンテナ状態: IN_PROGRESS
[2026-08-11 21:05:17]   コンテナ状態: ERROR
[2026-08-11 21:05:17]   → 失敗: メディア処理エラー
[2026-08-11 21:05:17] WARN: 投稿に失敗したため、今回の実行はここで終了します。
[2026-08-11 21:05:17]       原因を確認してから threads_status を pending に戻してください。
[2026-08-11 21:05:17] posts_schedule.csv を更新しました。
[2026-08-11 05:05:17 PDT / JST 08-11 21:05] Threads 終了コード: 0
[2026-08-11 05:05:18 PDT / JST 08-11 21:05] --- 正常終了 ---
[2026-08-11 06:05:00 PDT / JST 08-11 22:05] python3 = /usr/bin/python3
[2026-08-11 06:05:00 PDT / JST 08-11 22:05] --- Instagram 投稿を開始 ---
[INFO] スケジュール読み込み完了: 全33件 / 保留中(pending): 5件
[INFO] 現在の時間に実行予定の保留中（pending）の投稿はありませんでした。
[2026-08-11 06:05:00 PDT / JST 08-11 22:05] Instagram 終了コード: 0
[2026-08-11 06:05:00 PDT / JST 08-11 22:05] --- Threads 投稿を開始 ---
[2026-08-11 22:05:00] 全 33 件 / Threads 未投稿 20 件
[2026-08-11 22:05:00] いま投稿すべき pending はありませんでした。
[2026-08-11 06:05:00 PDT / JST 08-11 22:05] Threads 終了コード: 0
[2026-08-11 06:05:00 PDT / JST 08-11 22:05] --- 正常終了 ---
[2026-08-11 07:05:00 PDT / JST 08-11 23:05] python3 = /usr/bin/python3
[2026-08-11 07:05:00 PDT / JST 08-11 23:05] --- Instagram 投稿を開始 ---
[INFO] スケジュール読み込み完了: 全33件 / 保留中(pending): 5件
[INFO] 現在の時間に実行予定の保留中（pending）の投稿はありませんでした。
[2026-08-11 07:05:00 PDT / JST 08-11 23:05] Instagram 終了コード: 0
[2026-08-11 07:05:00 PDT / JST 08-11 23:05] --- Threads 投稿を開始 ---
[2026-08-11 23:05:00] 全 33 件 / Threads 未投稿 20 件
[2026-08-11 23:05:00] いま投稿すべき pending はありませんでした。
[2026-08-11 07:05:00 PDT / JST 08-11 23:05] Threads 終了コード: 0
[2026-08-11 07:05:00 PDT / JST 08-11 23:05] --- 正常終了 ---
[2026-08-11 08:05:00 PDT / JST 08-12 00:05] python3 = /usr/bin/python3
[2026-08-11 08:05:00 PDT / JST 08-12 00:05] --- Instagram 投稿を開始 ---
[INFO] スケジュール読み込み完了: 全33件 / 保留中(pending): 5件
[INFO] 現在の時間に実行予定の保留中（pending）の投稿はありませんでした。
[2026-08-11 08:05:00 PDT / JST 08-12 00:05] Instagram 終了コード: 0
[2026-08-11 08:05:00 PDT / JST 08-12 00:05] --- Threads 投稿を開始 ---
[2026-08-12 00:05:00] 全 33 件 / Threads 未投稿 20 件
[2026-08-12 00:05:00] いま投稿すべき pending はありませんでした。
[2026-08-11 08:05:00 PDT / JST 08-12 00:05] Threads 終了コード: 0
[2026-08-11 08:05:00 PDT / JST 08-12 00:05] --- 正常終了 ---
[2026-08-11 09:05:00 PDT / JST 08-12 01:05] python3 = /usr/bin/python3
[2026-08-11 09:05:00 PDT / JST 08-12 01:05] --- Instagram 投稿を開始 ---
[INFO] スケジュール読み込み完了: 全33件 / 保留中(pending): 5件
[INFO] 現在の時間に実行予定の保留中（pending）の投稿はありませんでした。
[2026-08-11 09:05:00 PDT / JST 08-12 01:05] Instagram 終了コード: 0
[2026-08-11 09:05:00 PDT / JST 08-12 01:05] --- Threads 投稿を開始 ---
[2026-08-12 01:05:00] 全 33 件 / Threads 未投稿 20 件
[2026-08-12 01:05:00] いま投稿すべき pending はありませんでした。
[2026-08-11 09:05:00 PDT / JST 08-12 01:05] Threads 終了コード: 0
[2026-08-11 09:05:00 PDT / JST 08-12 01:05] --- 正常終了 ---
[2026-08-11 10:05:00 PDT / JST 08-12 02:05] python3 = /usr/bin/python3
[2026-08-11 10:05:00 PDT / JST 08-12 02:05] --- Instagram 投稿を開始 ---
[INFO] スケジュール読み込み完了: 全33件 / 保留中(pending): 5件
[INFO] 現在の時間に実行予定の保留中（pending）の投稿はありませんでした。
[2026-08-11 10:05:00 PDT / JST 08-12 02:05] Instagram 終了コード: 0
[2026-08-11 10:05:00 PDT / JST 08-12 02:05] --- Threads 投稿を開始 ---
[2026-08-12 02:05:00] 全 33 件 / Threads 未投稿 20 件
[2026-08-12 02:05:00] いま投稿すべき pending はありませんでした。
[2026-08-11 10:05:00 PDT / JST 08-12 02:05] Threads 終了コード: 0
[2026-08-11 10:05:00 PDT / JST 08-12 02:05] --- 正常終了 ---
[2026-08-11 11:05:01 PDT / JST 08-12 03:05] python3 = /usr/bin/python3
[2026-08-11 11:05:01 PDT / JST 08-12 03:05] --- Instagram 投稿を開始 ---
[INFO] スケジュール読み込み完了: 全33件 / 保留中(pending): 5件
[INFO] 現在の時間に実行予定の保留中（pending）の投稿はありませんでした。
[2026-08-11 11:05:01 PDT / JST 08-12 03:05] Instagram 終了コード: 0
[2026-08-11 11:05:01 PDT / JST 08-12 03:05] --- Threads 投稿を開始 ---
[2026-08-12 03:05:01] 全 33 件 / Threads 未投稿 20 件
[2026-08-12 03:05:01] いま投稿すべき pending はありませんでした。
[2026-08-11 11:05:01 PDT / JST 08-12 03:05] Threads 終了コード: 0
[2026-08-11 11:05:01 PDT / JST 08-12 03:05] --- 正常終了 ---
[2026-08-11 12:05:00 PDT / JST 08-12 04:05] python3 = /usr/bin/python3
[2026-08-11 12:05:00 PDT / JST 08-12 04:05] --- Instagram 投稿を開始 ---
[INFO] スケジュール読み込み完了: 全33件 / 保留中(pending): 5件
[INFO] 現在の時間に実行予定の保留中（pending）の投稿はありませんでした。
[2026-08-11 12:05:01 PDT / JST 08-12 04:05] Instagram 終了コード: 0
[2026-08-11 12:05:01 PDT / JST 08-12 04:05] --- Threads 投稿を開始 ---
[2026-08-12 04:05:01] 全 33 件 / Threads 未投稿 20 件
[2026-08-12 04:05:01] いま投稿すべき pending はありませんでした。
[2026-08-11 12:05:01 PDT / JST 08-12 04:05] Threads 終了コード: 0
[2026-08-11 12:05:01 PDT / JST 08-12 04:05] --- 正常終了 ---
[2026-08-11 13:05:00 PDT / JST 08-12 05:05] python3 = /usr/bin/python3
[2026-08-11 13:05:00 PDT / JST 08-12 05:05] --- Instagram 投稿を開始 ---
[INFO] スケジュール読み込み完了: 全33件 / 保留中(pending): 5件
[INFO] 現在の時間に実行予定の保留中（pending）の投稿はありませんでした。
[2026-08-11 13:05:00 PDT / JST 08-12 05:05] Instagram 終了コード: 0
[2026-08-11 13:05:00 PDT / JST 08-12 05:05] --- Threads 投稿を開始 ---
[2026-08-12 05:05:01] 全 33 件 / Threads 未投稿 20 件
[2026-08-12 05:05:01] いま投稿すべき pending はありませんでした。
[2026-08-11 13:05:01 PDT / JST 08-12 05:05] Threads 終了コード: 0
[2026-08-11 13:05:01 PDT / JST 08-12 05:05] --- 正常終了 ---
[2026-08-11 14:05:00 PDT / JST 08-12 06:05] python3 = /usr/bin/python3
[2026-08-11 14:05:00 PDT / JST 08-12 06:05] --- Instagram 投稿を開始 ---
[INFO] スケジュール読み込み完了: 全33件 / 保留中(pending): 5件
[INFO] 現在の時間に実行予定の保留中（pending）の投稿はありませんでした。
[2026-08-11 14:05:00 PDT / JST 08-12 06:05] Instagram 終了コード: 0
[2026-08-11 14:05:00 PDT / JST 08-12 06:05] --- Threads 投稿を開始 ---
[2026-08-12 06:05:00] 全 33 件 / Threads 未投稿 20 件
[2026-08-12 06:05:00] いま投稿すべき pending はありませんでした。
[2026-08-11 14:05:00 PDT / JST 08-12 06:05] Threads 終了コード: 0
[2026-08-11 14:05:00 PDT / JST 08-12 06:05] --- 正常終了 ---
[2026-08-11 15:05:00 PDT / JST 08-12 07:05] python3 = /usr/bin/python3
[2026-08-11 15:05:00 PDT / JST 08-12 07:05] --- Instagram 投稿を開始 ---
[INFO] スケジュール読み込み完了: 全33件 / 保留中(pending): 5件
[INFO] 現在の時間に実行予定の保留中（pending）の投稿はありませんでした。
[2026-08-11 15:05:00 PDT / JST 08-12 07:05] Instagram 終了コード: 0
[2026-08-11 15:05:00 PDT / JST 08-12 07:05] --- Threads 投稿を開始 ---
[2026-08-12 07:05:00] 全 33 件 / Threads 未投稿 20 件
[2026-08-12 07:05:00] いま投稿すべき pending はありませんでした。
[2026-08-11 15:05:00 PDT / JST 08-12 07:05] Threads 終了コード: 0
[2026-08-11 15:05:00 PDT / JST 08-12 07:05] --- 正常終了 ---
[2026-08-11 16:05:00 PDT / JST 08-12 08:05] python3 = /usr/bin/python3
[2026-08-11 16:05:00 PDT / JST 08-12 08:05] --- Instagram 投稿を開始 ---
[INFO] スケジュール読み込み完了: 全33件 / 保留中(pending): 5件
[INFO] 現在の時間に実行予定の保留中（pending）の投稿はありませんでした。
[2026-08-11 16:05:00 PDT / JST 08-12 08:05] Instagram 終了コード: 0
[2026-08-11 16:05:00 PDT / JST 08-12 08:05] --- Threads 投稿を開始 ---
[2026-08-12 08:05:00] 全 33 件 / Threads 未投稿 20 件
[2026-08-12 08:05:00] いま投稿すべき pending はありませんでした。
[2026-08-11 16:05:00 PDT / JST 08-12 08:05] Threads 終了コード: 0
[2026-08-11 16:05:00 PDT / JST 08-12 08:05] --- 正常終了 ---
[2026-08-11 17:05:00 PDT / JST 08-12 09:05] python3 = /usr/bin/python3
[2026-08-11 17:05:00 PDT / JST 08-12 09:05] --- Instagram 投稿を開始 ---
[INFO] スケジュール読み込み完了: 全33件 / 保留中(pending): 5件
[INFO] 現在の時間に実行予定の保留中（pending）の投稿はありませんでした。
[2026-08-11 17:05:00 PDT / JST 08-12 09:05] Instagram 終了コード: 0
[2026-08-11 17:05:00 PDT / JST 08-12 09:05] --- Threads 投稿を開始 ---
[2026-08-12 09:05:01] 全 33 件 / Threads 未投稿 20 件
[2026-08-12 09:05:01] いま投稿すべき pending はありませんでした。
[2026-08-11 17:05:01 PDT / JST 08-12 09:05] Threads 終了コード: 0
[2026-08-11 17:05:01 PDT / JST 08-12 09:05] --- 正常終了 ---
[2026-08-11 18:05:00 PDT / JST 08-12 10:05] python3 = /usr/bin/python3
[2026-08-11 18:05:00 PDT / JST 08-12 10:05] --- Instagram 投稿を開始 ---
[INFO] スケジュール読み込み完了: 全33件 / 保留中(pending): 5件
[INFO] 現在の時間に実行予定の保留中（pending）の投稿はありませんでした。
[2026-08-11 18:05:00 PDT / JST 08-12 10:05] Instagram 終了コード: 0
[2026-08-11 18:05:00 PDT / JST 08-12 10:05] --- Threads 投稿を開始 ---
[2026-08-12 10:05:01] 全 33 件 / Threads 未投稿 20 件
[2026-08-12 10:05:01] いま投稿すべき pending はありませんでした。
[2026-08-11 18:05:01 PDT / JST 08-12 10:05] Threads 終了コード: 0
[2026-08-11 18:05:01 PDT / JST 08-12 10:05] --- 正常終了 ---
[2026-08-11 19:05:00 PDT / JST 08-12 11:05] python3 = /usr/bin/python3
[2026-08-11 19:05:00 PDT / JST 08-12 11:05] --- Instagram 投稿を開始 ---
[INFO] スケジュール読み込み完了: 全33件 / 保留中(pending): 5件
[INFO] 現在の時間に実行予定の保留中（pending）の投稿はありませんでした。
[2026-08-11 19:05:00 PDT / JST 08-12 11:05] Instagram 終了コード: 0
[2026-08-11 19:05:00 PDT / JST 08-12 11:05] --- Threads 投稿を開始 ---
[2026-08-12 11:05:01] 全 33 件 / Threads 未投稿 20 件
[2026-08-12 11:05:01] いま投稿すべき pending はありませんでした。
[2026-08-11 19:05:01 PDT / JST 08-12 11:05] Threads 終了コード: 0
[2026-08-11 19:05:01 PDT / JST 08-12 11:05] --- 正常終了 ---
[2026-08-11 20:05:00 PDT / JST 08-12 12:05] python3 = /usr/bin/python3
[2026-08-11 20:05:00 PDT / JST 08-12 12:05] --- Instagram 投稿を開始 ---
[INFO] スケジュール読み込み完了: 全33件 / 保留中(pending): 5件
[INFO] 現在の時間に実行予定の保留中（pending）の投稿はありませんでした。
[2026-08-11 20:05:00 PDT / JST 08-12 12:05] Instagram 終了コード: 0
[2026-08-11 20:05:00 PDT / JST 08-12 12:05] --- Threads 投稿を開始 ---
[2026-08-12 12:05:00] 全 33 件 / Threads 未投稿 20 件
[2026-08-12 12:05:00] いま投稿すべき pending はありませんでした。
[2026-08-11 20:05:00 PDT / JST 08-12 12:05] Threads 終了コード: 0
[2026-08-11 20:05:00 PDT / JST 08-12 12:05] --- 正常終了 ---
[2026-08-11 21:05:00 PDT / JST 08-12 13:05] python3 = /usr/bin/python3
[2026-08-11 21:05:00 PDT / JST 08-12 13:05] --- Instagram 投稿を開始 ---
[INFO] スケジュール読み込み完了: 全33件 / 保留中(pending): 5件
[INFO] 現在の時間に実行予定の保留中（pending）の投稿はありませんでした。
[2026-08-11 21:05:00 PDT / JST 08-12 13:05] Instagram 終了コード: 0
[2026-08-11 21:05:00 PDT / JST 08-12 13:05] --- Threads 投稿を開始 ---
[2026-08-12 13:05:00] 全 33 件 / Threads 未投稿 20 件
[2026-08-12 13:05:00] いま投稿すべき pending はありませんでした。
[2026-08-11 21:05:00 PDT / JST 08-12 13:05] Threads 終了コード: 0
[2026-08-11 21:05:00 PDT / JST 08-12 13:05] --- 正常終了 ---
[2026-08-11 22:05:00 PDT / JST 08-12 14:05] python3 = /usr/bin/python3
[2026-08-11 22:05:00 PDT / JST 08-12 14:05] --- Instagram 投稿を開始 ---
[INFO] スケジュール読み込み完了: 全33件 / 保留中(pending): 5件
[INFO] 現在の時間に実行予定の保留中（pending）の投稿はありませんでした。
[2026-08-11 22:05:00 PDT / JST 08-12 14:05] Instagram 終了コード: 0
[2026-08-11 22:05:00 PDT / JST 08-12 14:05] --- Threads 投稿を開始 ---
[2026-08-12 14:05:00] 全 33 件 / Threads 未投稿 20 件
[2026-08-12 14:05:00] いま投稿すべき pending はありませんでした。
[2026-08-11 22:05:00 PDT / JST 08-12 14:05] Threads 終了コード: 0
[2026-08-11 22:05:00 PDT / JST 08-12 14:05] --- 正常終了 ---
[2026-08-11 23:05:01 PDT / JST 08-12 15:05] python3 = /usr/bin/python3
[2026-08-11 23:05:01 PDT / JST 08-12 15:05] --- Instagram 投稿を開始 ---
[INFO] スケジュール読み込み完了: 全33件 / 保留中(pending): 5件
[INFO] 現在の時間に実行予定の保留中（pending）の投稿はありませんでした。
[2026-08-11 23:05:01 PDT / JST 08-12 15:05] Instagram 終了コード: 0
[2026-08-11 23:05:01 PDT / JST 08-12 15:05] --- Threads 投稿を開始 ---
[2026-08-12 15:05:01] 全 33 件 / Threads 未投稿 20 件
[2026-08-12 15:05:01] いま投稿すべき pending はありませんでした。
[2026-08-11 23:05:01 PDT / JST 08-12 15:05] Threads 終了コード: 0
[2026-08-11 23:05:01 PDT / JST 08-12 15:05] --- 正常終了 ---
[2026-08-12 00:05:00 PDT / JST 08-12 16:05] python3 = /usr/bin/python3
[2026-08-12 00:05:00 PDT / JST 08-12 16:05] --- Instagram 投稿を開始 ---
[INFO] スケジュール読み込み完了: 全33件 / 保留中(pending): 5件
[INFO] 現在の時間に実行予定の保留中（pending）の投稿はありませんでした。
[2026-08-12 00:05:00 PDT / JST 08-12 16:05] Instagram 終了コード: 0
[2026-08-12 00:05:00 PDT / JST 08-12 16:05] --- Threads 投稿を開始 ---
[2026-08-12 16:05:01] 全 33 件 / Threads 未投稿 20 件
[2026-08-12 16:05:01] いま投稿すべき pending はありませんでした。
[2026-08-12 00:05:01 PDT / JST 08-12 16:05] Threads 終了コード: 0
[2026-08-12 00:05:01 PDT / JST 08-12 16:05] --- 正常終了 ---
[2026-08-12 01:05:00 PDT / JST 08-12 17:05] python3 = /usr/bin/python3
[2026-08-12 01:05:00 PDT / JST 08-12 17:05] --- Instagram 投稿を開始 ---
[INFO] スケジュール読み込み完了: 全33件 / 保留中(pending): 5件
[INFO] 現在の時間に実行予定の保留中（pending）の投稿はありませんでした。
[2026-08-12 01:05:01 PDT / JST 08-12 17:05] Instagram 終了コード: 0
[2026-08-12 01:05:01 PDT / JST 08-12 17:05] --- Threads 投稿を開始 ---
[2026-08-12 17:05:01] 全 33 件 / Threads 未投稿 20 件
[2026-08-12 17:05:01] いま投稿すべき pending はありませんでした。
[2026-08-12 01:05:01 PDT / JST 08-12 17:05] Threads 終了コード: 0
[2026-08-12 01:05:01 PDT / JST 08-12 17:05] --- 正常終了 ---
[2026-08-12 02:05:00 PDT / JST 08-12 18:05] python3 = /usr/bin/python3
[2026-08-12 02:05:00 PDT / JST 08-12 18:05] --- Instagram 投稿を開始 ---
[INFO] スケジュール読み込み完了: 全33件 / 保留中(pending): 5件
[INFO] 現在の時間に実行予定の保留中（pending）の投稿はありませんでした。
[2026-08-12 02:05:00 PDT / JST 08-12 18:05] Instagram 終了コード: 0
[2026-08-12 02:05:00 PDT / JST 08-12 18:05] --- Threads 投稿を開始 ---
[2026-08-12 18:05:00] 全 33 件 / Threads 未投稿 20 件
[2026-08-12 18:05:00] いま投稿すべき pending はありませんでした。
[2026-08-12 02:05:00 PDT / JST 08-12 18:05] Threads 終了コード: 0
[2026-08-12 02:05:00 PDT / JST 08-12 18:05] --- 正常終了 ---
[2026-08-12 03:05:00 PDT / JST 08-12 19:05] python3 = /usr/bin/python3
[2026-08-12 03:05:00 PDT / JST 08-12 19:05] --- Instagram 投稿を開始 ---
[INFO] スケジュール読み込み完了: 全33件 / 保留中(pending): 5件
[INFO] 現在の時間に実行予定の保留中（pending）の投稿はありませんでした。
[2026-08-12 03:05:00 PDT / JST 08-12 19:05] Instagram 終了コード: 0
[2026-08-12 03:05:00 PDT / JST 08-12 19:05] --- Threads 投稿を開始 ---
[2026-08-12 19:05:00] 全 33 件 / Threads 未投稿 20 件
[2026-08-12 19:05:00] いま投稿すべき pending はありませんでした。
[2026-08-12 03:05:00 PDT / JST 08-12 19:05] Threads 終了コード: 0
[2026-08-12 03:05:00 PDT / JST 08-12 19:05] --- 正常終了 ---
[2026-08-12 04:05:01 PDT / JST 08-12 20:05] python3 = /usr/bin/python3
[2026-08-12 04:05:01 PDT / JST 08-12 20:05] --- Instagram 投稿を開始 ---
[INFO] スケジュール読み込み完了: 全33件 / 保留中(pending): 5件
[INFO] 現在の時間に実行予定の保留中（pending）の投稿はありませんでした。
[2026-08-12 04:05:01 PDT / JST 08-12 20:05] Instagram 終了コード: 0
[2026-08-12 04:05:01 PDT / JST 08-12 20:05] --- Threads 投稿を開始 ---
[2026-08-12 20:05:01] 全 33 件 / Threads 未投稿 20 件
[2026-08-12 20:05:01] いま投稿すべき pending はありませんでした。
[2026-08-12 04:05:01 PDT / JST 08-12 20:05] Threads 終了コード: 0
[2026-08-12 04:05:01 PDT / JST 08-12 20:05] --- 正常終了 ---
[2026-08-12 05:05:00 PDT / JST 08-12 21:05] python3 = /usr/bin/python3
[2026-08-12 05:05:00 PDT / JST 08-12 21:05] --- Instagram 投稿を開始 ---
[INFO] スケジュール読み込み完了: 全33件 / 保留中(pending): 5件

[EXEC] 投稿を実行します。ID: 14 | 予定時間: 2026-08-12 21:00:00
[INFO] メディアコンテナを作成しています... (URL: https://tachikoma865.github.io/happyart/reels_output/aug/12_choice.mp4)
[SUCCESS] メディアコンテナが作成されました。ID: 18095668100311697
[INFO] メディアコンテナ 18095668100311697 の処理状況を確認中...
 -> ステータス: IN_PROGRESS
 -> ステータス: IN_PROGRESS
 -> ステータス: FINISHED
[INFO] メディアを公開（投稿）しています...
[SUCCESS] Instagramへの投稿が完了しました！ 投稿ID: 18112232002777911

[INFO] 投稿処理が完了し、スケジュールシートを更新しました。
[2026-08-12 05:05:45 PDT / JST 08-12 21:05] Instagram 終了コード: 0
[2026-08-12 05:05:45 PDT / JST 08-12 21:05] --- Threads 投稿を開始 ---
[2026-08-12 21:05:45] 全 33 件 / Threads 未投稿 20 件
[2026-08-12 21:05:45] 投稿実行: 14 (予定 2026-08-12 21:00:00)
[2026-08-12 21:05:45]   コンテナ作成中 (media_type=VIDEO)
[2026-08-12 21:05:47]   コンテナ状態: IN_PROGRESS
[2026-08-12 21:06:02]   コンテナ状態: IN_PROGRESS
[2026-08-12 21:06:17]   コンテナ状態: FINISHED
[2026-08-12 21:06:17]   公開中
[2026-08-12 21:06:23]   → 成功: 17927547957389533
[2026-08-12 21:06:28] posts_schedule.csv を更新しました。
[2026-08-12 05:06:28 PDT / JST 08-12 21:06] Threads 終了コード: 0
[2026-08-12 05:06:28 PDT / JST 08-12 21:06] --- 正常終了 ---
[2026-08-12 06:05:00 PDT / JST 08-12 22:05] python3 = /usr/bin/python3
[2026-08-12 06:05:00 PDT / JST 08-12 22:05] --- Instagram 投稿を開始 ---
[INFO] スケジュール読み込み完了: 全33件 / 保留中(pending): 4件
[INFO] 現在の時間に実行予定の保留中（pending）の投稿はありませんでした。
[2026-08-12 06:05:01 PDT / JST 08-12 22:05] Instagram 終了コード: 0
[2026-08-12 06:05:01 PDT / JST 08-12 22:05] --- Threads 投稿を開始 ---
[2026-08-12 22:05:01] 全 33 件 / Threads 未投稿 19 件
[2026-08-12 22:05:01] いま投稿すべき pending はありませんでした。
[2026-08-12 06:05:01 PDT / JST 08-12 22:05] Threads 終了コード: 0
[2026-08-12 06:05:01 PDT / JST 08-12 22:05] --- 正常終了 ---
[2026-08-12 07:05:00 PDT / JST 08-12 23:05] python3 = /usr/bin/python3
[2026-08-12 07:05:00 PDT / JST 08-12 23:05] --- Instagram 投稿を開始 ---
[INFO] スケジュール読み込み完了: 全33件 / 保留中(pending): 4件
[INFO] 現在の時間に実行予定の保留中（pending）の投稿はありませんでした。
[2026-08-12 07:05:00 PDT / JST 08-12 23:05] Instagram 終了コード: 0
[2026-08-12 07:05:00 PDT / JST 08-12 23:05] --- Threads 投稿を開始 ---
[2026-08-12 23:05:00] 全 33 件 / Threads 未投稿 19 件
[2026-08-12 23:05:00] いま投稿すべき pending はありませんでした。
[2026-08-12 07:05:00 PDT / JST 08-12 23:05] Threads 終了コード: 0
[2026-08-12 07:05:00 PDT / JST 08-12 23:05] --- 正常終了 ---
[2026-08-12 08:05:01 PDT / JST 08-13 00:05] python3 = /usr/bin/python3
[2026-08-12 08:05:01 PDT / JST 08-13 00:05] --- Instagram 投稿を開始 ---
[INFO] スケジュール読み込み完了: 全33件 / 保留中(pending): 4件
[INFO] 現在の時間に実行予定の保留中（pending）の投稿はありませんでした。
[2026-08-12 08:05:01 PDT / JST 08-13 00:05] Instagram 終了コード: 0
[2026-08-12 08:05:01 PDT / JST 08-13 00:05] --- Threads 投稿を開始 ---
[2026-08-13 00:05:01] 全 33 件 / Threads 未投稿 19 件
[2026-08-13 00:05:01] いま投稿すべき pending はありませんでした。
[2026-08-12 08:05:01 PDT / JST 08-13 00:05] Threads 終了コード: 0
[2026-08-12 08:05:01 PDT / JST 08-13 00:05] --- 正常終了 ---
[2026-08-12 09:05:00 PDT / JST 08-13 01:05] python3 = /usr/bin/python3
[2026-08-12 09:05:00 PDT / JST 08-13 01:05] --- Instagram 投稿を開始 ---
[INFO] スケジュール読み込み完了: 全33件 / 保留中(pending): 4件
[INFO] 現在の時間に実行予定の保留中（pending）の投稿はありませんでした。
[2026-08-12 09:05:00 PDT / JST 08-13 01:05] Instagram 終了コード: 0
[2026-08-12 09:05:00 PDT / JST 08-13 01:05] --- Threads 投稿を開始 ---
[2026-08-13 01:05:00] 全 33 件 / Threads 未投稿 19 件
[2026-08-13 01:05:00] いま投稿すべき pending はありませんでした。
[2026-08-12 09:05:00 PDT / JST 08-13 01:05] Threads 終了コード: 0
[2026-08-12 09:05:00 PDT / JST 08-13 01:05] --- 正常終了 ---
[2026-08-12 10:05:00 PDT / JST 08-13 02:05] python3 = /usr/bin/python3
[2026-08-12 10:05:00 PDT / JST 08-13 02:05] --- Instagram 投稿を開始 ---
[INFO] スケジュール読み込み完了: 全33件 / 保留中(pending): 4件
[INFO] 現在の時間に実行予定の保留中（pending）の投稿はありませんでした。
[2026-08-12 10:05:00 PDT / JST 08-13 02:05] Instagram 終了コード: 0
[2026-08-12 10:05:00 PDT / JST 08-13 02:05] --- Threads 投稿を開始 ---
[2026-08-13 02:05:00] 全 33 件 / Threads 未投稿 19 件
[2026-08-13 02:05:00] いま投稿すべき pending はありませんでした。
[2026-08-12 10:05:00 PDT / JST 08-13 02:05] Threads 終了コード: 0
[2026-08-12 10:05:00 PDT / JST 08-13 02:05] --- 正常終了 ---
[2026-08-12 11:05:00 PDT / JST 08-13 03:05] python3 = /usr/bin/python3
[2026-08-12 11:05:00 PDT / JST 08-13 03:05] --- Instagram 投稿を開始 ---
[INFO] スケジュール読み込み完了: 全33件 / 保留中(pending): 4件
[INFO] 現在の時間に実行予定の保留中（pending）の投稿はありませんでした。
[2026-08-12 11:05:01 PDT / JST 08-13 03:05] Instagram 終了コード: 0
[2026-08-12 11:05:01 PDT / JST 08-13 03:05] --- Threads 投稿を開始 ---
[2026-08-13 03:05:01] 全 33 件 / Threads 未投稿 19 件
[2026-08-13 03:05:01] いま投稿すべき pending はありませんでした。
[2026-08-12 11:05:01 PDT / JST 08-13 03:05] Threads 終了コード: 0
[2026-08-12 11:05:01 PDT / JST 08-13 03:05] --- 正常終了 ---
[2026-08-12 12:05:00 PDT / JST 08-13 04:05] python3 = /usr/bin/python3
[2026-08-12 12:05:00 PDT / JST 08-13 04:05] --- Instagram 投稿を開始 ---
[INFO] スケジュール読み込み完了: 全33件 / 保留中(pending): 4件
[INFO] 現在の時間に実行予定の保留中（pending）の投稿はありませんでした。
[2026-08-12 12:05:00 PDT / JST 08-13 04:05] Instagram 終了コード: 0
[2026-08-12 12:05:00 PDT / JST 08-13 04:05] --- Threads 投稿を開始 ---
[2026-08-13 04:05:01] 全 33 件 / Threads 未投稿 19 件
[2026-08-13 04:05:01] いま投稿すべき pending はありませんでした。
[2026-08-12 12:05:01 PDT / JST 08-13 04:05] Threads 終了コード: 0
[2026-08-12 12:05:01 PDT / JST 08-13 04:05] --- 正常終了 ---
[2026-08-12 13:05:00 PDT / JST 08-13 05:05] python3 = /usr/bin/python3
[2026-08-12 13:05:00 PDT / JST 08-13 05:05] --- Instagram 投稿を開始 ---
[INFO] スケジュール読み込み完了: 全33件 / 保留中(pending): 4件
[INFO] 現在の時間に実行予定の保留中（pending）の投稿はありませんでした。
[2026-08-12 13:05:00 PDT / JST 08-13 05:05] Instagram 終了コード: 0
[2026-08-12 13:05:00 PDT / JST 08-13 05:05] --- Threads 投稿を開始 ---
[2026-08-13 05:05:00] 全 33 件 / Threads 未投稿 19 件
[2026-08-13 05:05:00] いま投稿すべき pending はありませんでした。
[2026-08-12 13:05:00 PDT / JST 08-13 05:05] Threads 終了コード: 0
[2026-08-12 13:05:00 PDT / JST 08-13 05:05] --- 正常終了 ---
[2026-08-12 14:05:01 PDT / JST 08-13 06:05] python3 = /usr/bin/python3
[2026-08-12 14:05:01 PDT / JST 08-13 06:05] --- Instagram 投稿を開始 ---
[INFO] スケジュール読み込み完了: 全33件 / 保留中(pending): 4件
[INFO] 現在の時間に実行予定の保留中（pending）の投稿はありませんでした。
[2026-08-12 14:05:01 PDT / JST 08-13 06:05] Instagram 終了コード: 0
[2026-08-12 14:05:01 PDT / JST 08-13 06:05] --- Threads 投稿を開始 ---
[2026-08-13 06:05:01] 全 33 件 / Threads 未投稿 19 件
[2026-08-13 06:05:01] いま投稿すべき pending はありませんでした。
[2026-08-12 14:05:01 PDT / JST 08-13 06:05] Threads 終了コード: 0
[2026-08-12 14:05:01 PDT / JST 08-13 06:05] --- 正常終了 ---
[2026-08-12 15:05:00 PDT / JST 08-13 07:05] python3 = /usr/bin/python3
[2026-08-12 15:05:01 PDT / JST 08-13 07:05] --- Instagram 投稿を開始 ---
[INFO] スケジュール読み込み完了: 全33件 / 保留中(pending): 4件
[INFO] 現在の時間に実行予定の保留中（pending）の投稿はありませんでした。
[2026-08-12 15:05:01 PDT / JST 08-13 07:05] Instagram 終了コード: 0
[2026-08-12 15:05:01 PDT / JST 08-13 07:05] --- Threads 投稿を開始 ---
[2026-08-13 07:05:01] 全 33 件 / Threads 未投稿 19 件
[2026-08-13 07:05:01] いま投稿すべき pending はありませんでした。
[2026-08-12 15:05:01 PDT / JST 08-13 07:05] Threads 終了コード: 0
[2026-08-12 15:05:01 PDT / JST 08-13 07:05] --- 正常終了 ---
[2026-08-12 16:05:00 PDT / JST 08-13 08:05] python3 = /usr/bin/python3
[2026-08-12 16:05:00 PDT / JST 08-13 08:05] --- Instagram 投稿を開始 ---
[INFO] スケジュール読み込み完了: 全33件 / 保留中(pending): 4件
[INFO] 現在の時間に実行予定の保留中（pending）の投稿はありませんでした。
[2026-08-12 16:05:00 PDT / JST 08-13 08:05] Instagram 終了コード: 0
[2026-08-12 16:05:00 PDT / JST 08-13 08:05] --- Threads 投稿を開始 ---
[2026-08-13 08:05:00] 全 33 件 / Threads 未投稿 19 件
[2026-08-13 08:05:00] いま投稿すべき pending はありませんでした。
[2026-08-12 16:05:00 PDT / JST 08-13 08:05] Threads 終了コード: 0
[2026-08-12 16:05:00 PDT / JST 08-13 08:05] --- 正常終了 ---
[2026-08-12 17:05:00 PDT / JST 08-13 09:05] python3 = /usr/bin/python3
[2026-08-12 17:05:00 PDT / JST 08-13 09:05] --- Instagram 投稿を開始 ---
[INFO] スケジュール読み込み完了: 全33件 / 保留中(pending): 4件
[INFO] 現在の時間に実行予定の保留中（pending）の投稿はありませんでした。
[2026-08-12 17:05:00 PDT / JST 08-13 09:05] Instagram 終了コード: 0
[2026-08-12 17:05:00 PDT / JST 08-13 09:05] --- Threads 投稿を開始 ---
[2026-08-13 09:05:00] 全 33 件 / Threads 未投稿 19 件
[2026-08-13 09:05:00] いま投稿すべき pending はありませんでした。
[2026-08-12 17:05:00 PDT / JST 08-13 09:05] Threads 終了コード: 0
[2026-08-12 17:05:00 PDT / JST 08-13 09:05] --- 正常終了 ---
[2026-08-12 18:05:00 PDT / JST 08-13 10:05] python3 = /usr/bin/python3
[2026-08-12 18:05:00 PDT / JST 08-13 10:05] --- Instagram 投稿を開始 ---
[INFO] スケジュール読み込み完了: 全33件 / 保留中(pending): 4件
[INFO] 現在の時間に実行予定の保留中（pending）の投稿はありませんでした。
[2026-08-12 18:05:00 PDT / JST 08-13 10:05] Instagram 終了コード: 0
[2026-08-12 18:05:00 PDT / JST 08-13 10:05] --- Threads 投稿を開始 ---
[2026-08-13 10:05:00] 全 33 件 / Threads 未投稿 19 件
[2026-08-13 10:05:00] いま投稿すべき pending はありませんでした。
[2026-08-12 18:05:00 PDT / JST 08-13 10:05] Threads 終了コード: 0
[2026-08-12 18:05:00 PDT / JST 08-13 10:05] --- 正常終了 ---
[2026-08-12 19:05:00 PDT / JST 08-13 11:05] python3 = /usr/bin/python3
[2026-08-12 19:05:00 PDT / JST 08-13 11:05] --- Instagram 投稿を開始 ---
[INFO] スケジュール読み込み完了: 全33件 / 保留中(pending): 4件
[INFO] 現在の時間に実行予定の保留中（pending）の投稿はありませんでした。
[2026-08-12 19:05:01 PDT / JST 08-13 11:05] Instagram 終了コード: 0
[2026-08-12 19:05:01 PDT / JST 08-13 11:05] --- Threads 投稿を開始 ---
[2026-08-13 11:05:01] 全 33 件 / Threads 未投稿 19 件
[2026-08-13 11:05:01] いま投稿すべき pending はありませんでした。
[2026-08-12 19:05:01 PDT / JST 08-13 11:05] Threads 終了コード: 0
[2026-08-12 19:05:01 PDT / JST 08-13 11:05] --- 正常終了 ---
[2026-08-12 20:05:01 PDT / JST 08-13 12:05] python3 = /usr/bin/python3
[2026-08-12 20:05:01 PDT / JST 08-13 12:05] --- Instagram 投稿を開始 ---
[INFO] スケジュール読み込み完了: 全33件 / 保留中(pending): 4件
[INFO] 現在の時間に実行予定の保留中（pending）の投稿はありませんでした。
[2026-08-12 20:05:01 PDT / JST 08-13 12:05] Instagram 終了コード: 0
[2026-08-12 20:05:01 PDT / JST 08-13 12:05] --- Threads 投稿を開始 ---
[2026-08-13 12:05:01] 全 33 件 / Threads 未投稿 19 件
[2026-08-13 12:05:01] いま投稿すべき pending はありませんでした。
[2026-08-12 20:05:01 PDT / JST 08-13 12:05] Threads 終了コード: 0
[2026-08-12 20:05:01 PDT / JST 08-13 12:05] --- 正常終了 ---
[2026-08-12 21:05:01 PDT / JST 08-13 13:05] python3 = /usr/bin/python3
[2026-08-12 21:05:01 PDT / JST 08-13 13:05] --- Instagram 投稿を開始 ---
[INFO] スケジュール読み込み完了: 全33件 / 保留中(pending): 4件
[INFO] 現在の時間に実行予定の保留中（pending）の投稿はありませんでした。
[2026-08-12 21:05:01 PDT / JST 08-13 13:05] Instagram 終了コード: 0
[2026-08-12 21:05:01 PDT / JST 08-13 13:05] --- Threads 投稿を開始 ---
[2026-08-13 13:05:01] 全 33 件 / Threads 未投稿 19 件
[2026-08-13 13:05:01] いま投稿すべき pending はありませんでした。
[2026-08-12 21:05:01 PDT / JST 08-13 13:05] Threads 終了コード: 0
[2026-08-12 21:05:01 PDT / JST 08-13 13:05] --- 正常終了 ---
[2026-08-12 22:05:00 PDT / JST 08-13 14:05] python3 = /usr/bin/python3
[2026-08-12 22:05:00 PDT / JST 08-13 14:05] --- Instagram 投稿を開始 ---
[INFO] スケジュール読み込み完了: 全33件 / 保留中(pending): 4件
[INFO] 現在の時間に実行予定の保留中（pending）の投稿はありませんでした。
[2026-08-12 22:05:01 PDT / JST 08-13 14:05] Instagram 終了コード: 0
[2026-08-12 22:05:01 PDT / JST 08-13 14:05] --- Threads 投稿を開始 ---
[2026-08-13 14:05:01] 全 33 件 / Threads 未投稿 19 件
[2026-08-13 14:05:01] いま投稿すべき pending はありませんでした。
[2026-08-12 22:05:01 PDT / JST 08-13 14:05] Threads 終了コード: 0
[2026-08-12 22:05:01 PDT / JST 08-13 14:05] --- 正常終了 ---
[2026-08-12 23:05:00 PDT / JST 08-13 15:05] python3 = /usr/bin/python3
[2026-08-12 23:05:00 PDT / JST 08-13 15:05] --- Instagram 投稿を開始 ---
[INFO] スケジュール読み込み完了: 全33件 / 保留中(pending): 4件
[INFO] 現在の時間に実行予定の保留中（pending）の投稿はありませんでした。
[2026-08-12 23:05:00 PDT / JST 08-13 15:05] Instagram 終了コード: 0
[2026-08-12 23:05:00 PDT / JST 08-13 15:05] --- Threads 投稿を開始 ---
[2026-08-13 15:05:00] 全 33 件 / Threads 未投稿 19 件
[2026-08-13 15:05:00] いま投稿すべき pending はありませんでした。
[2026-08-12 23:05:00 PDT / JST 08-13 15:05] Threads 終了コード: 0
[2026-08-12 23:05:00 PDT / JST 08-13 15:05] --- 正常終了 ---
[2026-08-13 00:05:01 PDT / JST 08-13 16:05] python3 = /usr/bin/python3
[2026-08-13 00:05:01 PDT / JST 08-13 16:05] --- Instagram 投稿を開始 ---
[INFO] スケジュール読み込み完了: 全33件 / 保留中(pending): 4件
[INFO] 現在の時間に実行予定の保留中（pending）の投稿はありませんでした。
[2026-08-13 00:05:01 PDT / JST 08-13 16:05] Instagram 終了コード: 0
[2026-08-13 00:05:01 PDT / JST 08-13 16:05] --- Threads 投稿を開始 ---
[2026-08-13 16:05:01] 全 33 件 / Threads 未投稿 19 件
[2026-08-13 16:05:01] いま投稿すべき pending はありませんでした。
[2026-08-13 00:05:01 PDT / JST 08-13 16:05] Threads 終了コード: 0
[2026-08-13 00:05:01 PDT / JST 08-13 16:05] --- 正常終了 ---
[2026-08-13 01:05:01 PDT / JST 08-13 17:05] python3 = /usr/bin/python3
[2026-08-13 01:05:01 PDT / JST 08-13 17:05] --- Instagram 投稿を開始 ---
[INFO] スケジュール読み込み完了: 全33件 / 保留中(pending): 4件
[INFO] 現在の時間に実行予定の保留中（pending）の投稿はありませんでした。
[2026-08-13 01:05:01 PDT / JST 08-13 17:05] Instagram 終了コード: 0
[2026-08-13 01:05:01 PDT / JST 08-13 17:05] --- Threads 投稿を開始 ---
[2026-08-13 17:05:01] 全 33 件 / Threads 未投稿 19 件
[2026-08-13 17:05:01] いま投稿すべき pending はありませんでした。
[2026-08-13 01:05:01 PDT / JST 08-13 17:05] Threads 終了コード: 0
[2026-08-13 01:05:01 PDT / JST 08-13 17:05] --- 正常終了 ---
[2026-08-13 02:05:00 PDT / JST 08-13 18:05] python3 = /usr/bin/python3
[2026-08-13 02:05:00 PDT / JST 08-13 18:05] --- Instagram 投稿を開始 ---
[INFO] スケジュール読み込み完了: 全33件 / 保留中(pending): 4件
[INFO] 現在の時間に実行予定の保留中（pending）の投稿はありませんでした。
[2026-08-13 02:05:00 PDT / JST 08-13 18:05] Instagram 終了コード: 0
[2026-08-13 02:05:00 PDT / JST 08-13 18:05] --- Threads 投稿を開始 ---
[2026-08-13 18:05:01] 全 33 件 / Threads 未投稿 19 件
[2026-08-13 18:05:01] いま投稿すべき pending はありませんでした。
[2026-08-13 02:05:01 PDT / JST 08-13 18:05] Threads 終了コード: 0
[2026-08-13 02:05:01 PDT / JST 08-13 18:05] --- 正常終了 ---
[2026-08-13 03:05:01 PDT / JST 08-13 19:05] python3 = /usr/bin/python3
[2026-08-13 03:05:01 PDT / JST 08-13 19:05] --- Instagram 投稿を開始 ---
[INFO] スケジュール読み込み完了: 全33件 / 保留中(pending): 4件
[INFO] 現在の時間に実行予定の保留中（pending）の投稿はありませんでした。
[2026-08-13 03:05:01 PDT / JST 08-13 19:05] Instagram 終了コード: 0
[2026-08-13 03:05:01 PDT / JST 08-13 19:05] --- Threads 投稿を開始 ---
[2026-08-13 19:05:01] 全 33 件 / Threads 未投稿 19 件
[2026-08-13 19:05:01] いま投稿すべき pending はありませんでした。
[2026-08-13 03:05:01 PDT / JST 08-13 19:05] Threads 終了コード: 0
[2026-08-13 03:05:01 PDT / JST 08-13 19:05] --- 正常終了 ---
[2026-08-13 04:05:01 PDT / JST 08-13 20:05] python3 = /usr/bin/python3
[2026-08-13 04:05:01 PDT / JST 08-13 20:05] --- Instagram 投稿を開始 ---
[INFO] スケジュール読み込み完了: 全33件 / 保留中(pending): 4件
[INFO] 現在の時間に実行予定の保留中（pending）の投稿はありませんでした。
[2026-08-13 04:05:01 PDT / JST 08-13 20:05] Instagram 終了コード: 0
[2026-08-13 04:05:01 PDT / JST 08-13 20:05] --- Threads 投稿を開始 ---
[2026-08-13 20:05:01] 全 33 件 / Threads 未投稿 19 件
[2026-08-13 20:05:01] いま投稿すべき pending はありませんでした。
[2026-08-13 04:05:01 PDT / JST 08-13 20:05] Threads 終了コード: 0
[2026-08-13 04:05:01 PDT / JST 08-13 20:05] --- 正常終了 ---
[2026-08-13 05:05:00 PDT / JST 08-13 21:05] python3 = /usr/bin/python3
[2026-08-13 05:05:00 PDT / JST 08-13 21:05] --- Instagram 投稿を開始 ---
[INFO] スケジュール読み込み完了: 全33件 / 保留中(pending): 4件
[INFO] 現在の時間に実行予定の保留中（pending）の投稿はありませんでした。
[2026-08-13 05:05:00 PDT / JST 08-13 21:05] Instagram 終了コード: 0
[2026-08-13 05:05:00 PDT / JST 08-13 21:05] --- Threads 投稿を開始 ---
[2026-08-13 21:05:00] 全 33 件 / Threads 未投稿 19 件
[2026-08-13 21:05:00] 投稿実行: 15 (予定 2026-08-13 21:00:00)
[2026-08-13 21:05:00]   コンテナ作成中 (media_type=VIDEO)
[2026-08-13 21:05:01]   コンテナ状態: IN_PROGRESS
[2026-08-13 21:05:17]   コンテナ状態: ERROR
[2026-08-13 21:05:17]   → 失敗: メディア処理エラー
[2026-08-13 21:05:17] WARN: 投稿に失敗したため、今回の実行はここで終了します。
[2026-08-13 21:05:17]       原因を確認してから threads_status を pending に戻してください。
[2026-08-13 21:05:17] posts_schedule.csv を更新しました。
[2026-08-13 05:05:17 PDT / JST 08-13 21:05] Threads 終了コード: 0
[2026-08-13 05:05:17 PDT / JST 08-13 21:05] --- 正常終了 ---
[2026-08-13 06:05:01 PDT / JST 08-13 22:05] python3 = /usr/bin/python3
[2026-08-13 06:05:01 PDT / JST 08-13 22:05] --- Instagram 投稿を開始 ---
[INFO] スケジュール読み込み完了: 全33件 / 保留中(pending): 4件
[INFO] 現在の時間に実行予定の保留中（pending）の投稿はありませんでした。
[2026-08-13 06:05:01 PDT / JST 08-13 22:05] Instagram 終了コード: 0
[2026-08-13 06:05:01 PDT / JST 08-13 22:05] --- Threads 投稿を開始 ---
[2026-08-13 22:05:01] 全 33 件 / Threads 未投稿 18 件
[2026-08-13 22:05:01] いま投稿すべき pending はありませんでした。
[2026-08-13 06:05:01 PDT / JST 08-13 22:05] Threads 終了コード: 0
[2026-08-13 06:05:01 PDT / JST 08-13 22:05] --- 正常終了 ---
[2026-08-13 07:05:00 PDT / JST 08-13 23:05] python3 = /usr/bin/python3
[2026-08-13 07:05:00 PDT / JST 08-13 23:05] --- Instagram 投稿を開始 ---
[INFO] スケジュール読み込み完了: 全33件 / 保留中(pending): 4件
[INFO] 現在の時間に実行予定の保留中（pending）の投稿はありませんでした。
[2026-08-13 07:05:00 PDT / JST 08-13 23:05] Instagram 終了コード: 0
[2026-08-13 07:05:00 PDT / JST 08-13 23:05] --- Threads 投稿を開始 ---
[2026-08-13 23:05:00] 全 33 件 / Threads 未投稿 18 件
[2026-08-13 23:05:00] いま投稿すべき pending はありませんでした。
[2026-08-13 07:05:00 PDT / JST 08-13 23:05] Threads 終了コード: 0
[2026-08-13 07:05:00 PDT / JST 08-13 23:05] --- 正常終了 ---
[2026-08-13 08:05:00 PDT / JST 08-14 00:05] python3 = /usr/bin/python3
[2026-08-13 08:05:00 PDT / JST 08-14 00:05] --- Instagram 投稿を開始 ---
[INFO] スケジュール読み込み完了: 全33件 / 保留中(pending): 4件
[INFO] 現在の時間に実行予定の保留中（pending）の投稿はありませんでした。
[2026-08-13 08:05:00 PDT / JST 08-14 00:05] Instagram 終了コード: 0
[2026-08-13 08:05:00 PDT / JST 08-14 00:05] --- Threads 投稿を開始 ---
[2026-08-14 00:05:00] 全 33 件 / Threads 未投稿 18 件
[2026-08-14 00:05:00] いま投稿すべき pending はありませんでした。
[2026-08-13 08:05:00 PDT / JST 08-14 00:05] Threads 終了コード: 0
[2026-08-13 08:05:00 PDT / JST 08-14 00:05] --- 正常終了 ---
[2026-08-13 09:05:00 PDT / JST 08-14 01:05] python3 = /usr/bin/python3
[2026-08-13 09:05:00 PDT / JST 08-14 01:05] --- Instagram 投稿を開始 ---
[INFO] スケジュール読み込み完了: 全33件 / 保留中(pending): 4件
[INFO] 現在の時間に実行予定の保留中（pending）の投稿はありませんでした。
[2026-08-13 09:05:00 PDT / JST 08-14 01:05] Instagram 終了コード: 0
[2026-08-13 09:05:00 PDT / JST 08-14 01:05] --- Threads 投稿を開始 ---
[2026-08-14 01:05:01] 全 33 件 / Threads 未投稿 18 件
[2026-08-14 01:05:01] いま投稿すべき pending はありませんでした。
[2026-08-13 09:05:01 PDT / JST 08-14 01:05] Threads 終了コード: 0
[2026-08-13 09:05:01 PDT / JST 08-14 01:05] --- 正常終了 ---
[2026-08-13 10:05:00 PDT / JST 08-14 02:05] python3 = /usr/bin/python3
[2026-08-13 10:05:00 PDT / JST 08-14 02:05] --- Instagram 投稿を開始 ---
[INFO] スケジュール読み込み完了: 全33件 / 保留中(pending): 4件
[INFO] 現在の時間に実行予定の保留中（pending）の投稿はありませんでした。
[2026-08-13 10:05:01 PDT / JST 08-14 02:05] Instagram 終了コード: 0
[2026-08-13 10:05:01 PDT / JST 08-14 02:05] --- Threads 投稿を開始 ---
[2026-08-14 02:05:01] 全 33 件 / Threads 未投稿 18 件
[2026-08-14 02:05:01] いま投稿すべき pending はありませんでした。
[2026-08-13 10:05:01 PDT / JST 08-14 02:05] Threads 終了コード: 0
[2026-08-13 10:05:01 PDT / JST 08-14 02:05] --- 正常終了 ---
[2026-08-13 11:05:00 PDT / JST 08-14 03:05] python3 = /usr/bin/python3
[2026-08-13 11:05:00 PDT / JST 08-14 03:05] --- Instagram 投稿を開始 ---
[INFO] スケジュール読み込み完了: 全33件 / 保留中(pending): 4件
[INFO] 現在の時間に実行予定の保留中（pending）の投稿はありませんでした。
[2026-08-13 11:05:00 PDT / JST 08-14 03:05] Instagram 終了コード: 0
[2026-08-13 11:05:00 PDT / JST 08-14 03:05] --- Threads 投稿を開始 ---
[2026-08-14 03:05:00] 全 33 件 / Threads 未投稿 18 件
[2026-08-14 03:05:00] いま投稿すべき pending はありませんでした。
[2026-08-13 11:05:00 PDT / JST 08-14 03:05] Threads 終了コード: 0
[2026-08-13 11:05:00 PDT / JST 08-14 03:05] --- 正常終了 ---
[2026-08-13 12:05:00 PDT / JST 08-14 04:05] python3 = /usr/bin/python3
[2026-08-13 12:05:00 PDT / JST 08-14 04:05] --- Instagram 投稿を開始 ---
[INFO] スケジュール読み込み完了: 全33件 / 保留中(pending): 4件
[INFO] 現在の時間に実行予定の保留中（pending）の投稿はありませんでした。
[2026-08-13 12:05:01 PDT / JST 08-14 04:05] Instagram 終了コード: 0
[2026-08-13 12:05:01 PDT / JST 08-14 04:05] --- Threads 投稿を開始 ---
[2026-08-14 04:05:01] 全 33 件 / Threads 未投稿 18 件
[2026-08-14 04:05:01] いま投稿すべき pending はありませんでした。
[2026-08-13 12:05:01 PDT / JST 08-14 04:05] Threads 終了コード: 0
[2026-08-13 12:05:01 PDT / JST 08-14 04:05] --- 正常終了 ---
[2026-08-13 13:05:00 PDT / JST 08-14 05:05] python3 = /usr/bin/python3
[2026-08-13 13:05:00 PDT / JST 08-14 05:05] --- Instagram 投稿を開始 ---
[INFO] スケジュール読み込み完了: 全33件 / 保留中(pending): 4件
[INFO] 現在の時間に実行予定の保留中（pending）の投稿はありませんでした。
[2026-08-13 13:05:01 PDT / JST 08-14 05:05] Instagram 終了コード: 0
[2026-08-13 13:05:01 PDT / JST 08-14 05:05] --- Threads 投稿を開始 ---
[2026-08-14 05:05:01] 全 33 件 / Threads 未投稿 18 件
[2026-08-14 05:05:01] いま投稿すべき pending はありませんでした。
[2026-08-13 13:05:01 PDT / JST 08-14 05:05] Threads 終了コード: 0
[2026-08-13 13:05:01 PDT / JST 08-14 05:05] --- 正常終了 ---
[2026-08-13 14:05:00 PDT / JST 08-14 06:05] python3 = /usr/bin/python3
[2026-08-13 14:05:00 PDT / JST 08-14 06:05] --- Instagram 投稿を開始 ---
[INFO] スケジュール読み込み完了: 全33件 / 保留中(pending): 4件
[INFO] 現在の時間に実行予定の保留中（pending）の投稿はありませんでした。
[2026-08-13 14:05:00 PDT / JST 08-14 06:05] Instagram 終了コード: 0
[2026-08-13 14:05:00 PDT / JST 08-14 06:05] --- Threads 投稿を開始 ---
[2026-08-14 06:05:01] 全 33 件 / Threads 未投稿 18 件
[2026-08-14 06:05:01] いま投稿すべき pending はありませんでした。
[2026-08-13 14:05:01 PDT / JST 08-14 06:05] Threads 終了コード: 0
[2026-08-13 14:05:01 PDT / JST 08-14 06:05] --- 正常終了 ---
[2026-08-13 15:05:00 PDT / JST 08-14 07:05] python3 = /usr/bin/python3
[2026-08-13 15:05:00 PDT / JST 08-14 07:05] --- Instagram 投稿を開始 ---
[INFO] スケジュール読み込み完了: 全33件 / 保留中(pending): 4件
[INFO] 現在の時間に実行予定の保留中（pending）の投稿はありませんでした。
[2026-08-13 15:05:00 PDT / JST 08-14 07:05] Instagram 終了コード: 0
[2026-08-13 15:05:00 PDT / JST 08-14 07:05] --- Threads 投稿を開始 ---
[2026-08-14 07:05:00] 全 33 件 / Threads 未投稿 18 件
[2026-08-14 07:05:00] いま投稿すべき pending はありませんでした。
[2026-08-13 15:05:00 PDT / JST 08-14 07:05] Threads 終了コード: 0
[2026-08-13 15:05:00 PDT / JST 08-14 07:05] --- 正常終了 ---
[2026-08-13 16:05:01 PDT / JST 08-14 08:05] python3 = /usr/bin/python3
[2026-08-13 16:05:01 PDT / JST 08-14 08:05] --- Instagram 投稿を開始 ---
[INFO] スケジュール読み込み完了: 全33件 / 保留中(pending): 4件
[INFO] 現在の時間に実行予定の保留中（pending）の投稿はありませんでした。
[2026-08-13 16:05:01 PDT / JST 08-14 08:05] Instagram 終了コード: 0
[2026-08-13 16:05:01 PDT / JST 08-14 08:05] --- Threads 投稿を開始 ---
[2026-08-14 08:05:01] 全 33 件 / Threads 未投稿 18 件
[2026-08-14 08:05:01] いま投稿すべき pending はありませんでした。
[2026-08-13 16:05:01 PDT / JST 08-14 08:05] Threads 終了コード: 0
[2026-08-13 16:05:01 PDT / JST 08-14 08:05] --- 正常終了 ---
[2026-08-13 17:05:00 PDT / JST 08-14 09:05] python3 = /usr/bin/python3
[2026-08-13 17:05:00 PDT / JST 08-14 09:05] --- Instagram 投稿を開始 ---
[INFO] スケジュール読み込み完了: 全33件 / 保留中(pending): 4件
[INFO] 現在の時間に実行予定の保留中（pending）の投稿はありませんでした。
[2026-08-13 17:05:01 PDT / JST 08-14 09:05] Instagram 終了コード: 0
[2026-08-13 17:05:01 PDT / JST 08-14 09:05] --- Threads 投稿を開始 ---
[2026-08-14 09:05:01] 全 33 件 / Threads 未投稿 18 件
[2026-08-14 09:05:01] いま投稿すべき pending はありませんでした。
[2026-08-13 17:05:01 PDT / JST 08-14 09:05] Threads 終了コード: 0
[2026-08-13 17:05:01 PDT / JST 08-14 09:05] --- 正常終了 ---
[2026-08-13 18:05:00 PDT / JST 08-14 10:05] python3 = /usr/bin/python3
[2026-08-13 18:05:00 PDT / JST 08-14 10:05] --- Instagram 投稿を開始 ---
[INFO] スケジュール読み込み完了: 全33件 / 保留中(pending): 4件
[INFO] 現在の時間に実行予定の保留中（pending）の投稿はありませんでした。
[2026-08-13 18:05:00 PDT / JST 08-14 10:05] Instagram 終了コード: 0
[2026-08-13 18:05:00 PDT / JST 08-14 10:05] --- Threads 投稿を開始 ---
[2026-08-14 10:05:01] 全 33 件 / Threads 未投稿 18 件
[2026-08-14 10:05:01] いま投稿すべき pending はありませんでした。
[2026-08-13 18:05:01 PDT / JST 08-14 10:05] Threads 終了コード: 0
[2026-08-13 18:05:01 PDT / JST 08-14 10:05] --- 正常終了 ---
[2026-08-13 19:05:00 PDT / JST 08-14 11:05] python3 = /usr/bin/python3
[2026-08-13 19:05:00 PDT / JST 08-14 11:05] --- Instagram 投稿を開始 ---
[INFO] スケジュール読み込み完了: 全33件 / 保留中(pending): 4件
[INFO] 現在の時間に実行予定の保留中（pending）の投稿はありませんでした。
[2026-08-13 19:05:01 PDT / JST 08-14 11:05] Instagram 終了コード: 0
[2026-08-13 19:05:01 PDT / JST 08-14 11:05] --- Threads 投稿を開始 ---
[2026-08-14 11:05:01] 全 33 件 / Threads 未投稿 18 件
[2026-08-14 11:05:01] いま投稿すべき pending はありませんでした。
[2026-08-13 19:05:01 PDT / JST 08-14 11:05] Threads 終了コード: 0
[2026-08-13 19:05:01 PDT / JST 08-14 11:05] --- 正常終了 ---
[2026-08-13 20:05:00 PDT / JST 08-14 12:05] python3 = /usr/bin/python3
[2026-08-13 20:05:00 PDT / JST 08-14 12:05] --- Instagram 投稿を開始 ---
[INFO] スケジュール読み込み完了: 全33件 / 保留中(pending): 4件
[INFO] 現在の時間に実行予定の保留中（pending）の投稿はありませんでした。
[2026-08-13 20:05:01 PDT / JST 08-14 12:05] Instagram 終了コード: 0
[2026-08-13 20:05:01 PDT / JST 08-14 12:05] --- Threads 投稿を開始 ---
[2026-08-14 12:05:01] 全 33 件 / Threads 未投稿 18 件
[2026-08-14 12:05:01] いま投稿すべき pending はありませんでした。
[2026-08-13 20:05:01 PDT / JST 08-14 12:05] Threads 終了コード: 0
[2026-08-13 20:05:01 PDT / JST 08-14 12:05] --- 正常終了 ---
[2026-08-13 21:05:00 PDT / JST 08-14 13:05] python3 = /usr/bin/python3
[2026-08-13 21:05:00 PDT / JST 08-14 13:05] --- Instagram 投稿を開始 ---
[INFO] スケジュール読み込み完了: 全33件 / 保留中(pending): 4件
[INFO] 現在の時間に実行予定の保留中（pending）の投稿はありませんでした。
[2026-08-13 21:05:00 PDT / JST 08-14 13:05] Instagram 終了コード: 0
[2026-08-13 21:05:00 PDT / JST 08-14 13:05] --- Threads 投稿を開始 ---
[2026-08-14 13:05:01] 全 33 件 / Threads 未投稿 18 件
[2026-08-14 13:05:01] いま投稿すべき pending はありませんでした。
[2026-08-13 21:05:01 PDT / JST 08-14 13:05] Threads 終了コード: 0
[2026-08-13 21:05:01 PDT / JST 08-14 13:05] --- 正常終了 ---
[2026-08-13 22:05:00 PDT / JST 08-14 14:05] python3 = /usr/bin/python3
[2026-08-13 22:05:00 PDT / JST 08-14 14:05] --- Instagram 投稿を開始 ---
[INFO] スケジュール読み込み完了: 全33件 / 保留中(pending): 4件
[INFO] 現在の時間に実行予定の保留中（pending）の投稿はありませんでした。
[2026-08-13 22:05:00 PDT / JST 08-14 14:05] Instagram 終了コード: 0
[2026-08-13 22:05:00 PDT / JST 08-14 14:05] --- Threads 投稿を開始 ---
[2026-08-14 14:05:00] 全 33 件 / Threads 未投稿 18 件
[2026-08-14 14:05:00] いま投稿すべき pending はありませんでした。
[2026-08-13 22:05:00 PDT / JST 08-14 14:05] Threads 終了コード: 0
[2026-08-13 22:05:00 PDT / JST 08-14 14:05] --- 正常終了 ---
[2026-08-13 23:05:00 PDT / JST 08-14 15:05] python3 = /usr/bin/python3
[2026-08-13 23:05:00 PDT / JST 08-14 15:05] --- Instagram 投稿を開始 ---
[INFO] スケジュール読み込み完了: 全33件 / 保留中(pending): 4件
[INFO] 現在の時間に実行予定の保留中（pending）の投稿はありませんでした。
[2026-08-13 23:05:00 PDT / JST 08-14 15:05] Instagram 終了コード: 0
[2026-08-13 23:05:00 PDT / JST 08-14 15:05] --- Threads 投稿を開始 ---
[2026-08-14 15:05:00] 全 33 件 / Threads 未投稿 18 件
[2026-08-14 15:05:00] いま投稿すべき pending はありませんでした。
[2026-08-13 23:05:00 PDT / JST 08-14 15:05] Threads 終了コード: 0
[2026-08-13 23:05:00 PDT / JST 08-14 15:05] --- 正常終了 ---
[2026-08-14 00:05:00 PDT / JST 08-14 16:05] python3 = /usr/bin/python3
[2026-08-14 00:05:00 PDT / JST 08-14 16:05] --- Instagram 投稿を開始 ---
[INFO] スケジュール読み込み完了: 全33件 / 保留中(pending): 4件
[INFO] 現在の時間に実行予定の保留中（pending）の投稿はありませんでした。
[2026-08-14 00:05:00 PDT / JST 08-14 16:05] Instagram 終了コード: 0
[2026-08-14 00:05:00 PDT / JST 08-14 16:05] --- Threads 投稿を開始 ---
[2026-08-14 16:05:00] 全 33 件 / Threads 未投稿 18 件
[2026-08-14 16:05:00] いま投稿すべき pending はありませんでした。
[2026-08-14 00:05:00 PDT / JST 08-14 16:05] Threads 終了コード: 0
[2026-08-14 00:05:00 PDT / JST 08-14 16:05] --- 正常終了 ---
[2026-08-14 01:05:00 PDT / JST 08-14 17:05] python3 = /usr/bin/python3
[2026-08-14 01:05:00 PDT / JST 08-14 17:05] --- Instagram 投稿を開始 ---
[INFO] スケジュール読み込み完了: 全33件 / 保留中(pending): 4件
[INFO] 現在の時間に実行予定の保留中（pending）の投稿はありませんでした。
[2026-08-14 01:05:01 PDT / JST 08-14 17:05] Instagram 終了コード: 0
[2026-08-14 01:05:01 PDT / JST 08-14 17:05] --- Threads 投稿を開始 ---
[2026-08-14 17:05:01] 全 33 件 / Threads 未投稿 18 件
[2026-08-14 17:05:01] いま投稿すべき pending はありませんでした。
[2026-08-14 01:05:01 PDT / JST 08-14 17:05] Threads 終了コード: 0
[2026-08-14 01:05:01 PDT / JST 08-14 17:05] --- 正常終了 ---
[2026-08-14 02:05:00 PDT / JST 08-14 18:05] python3 = /usr/bin/python3
[2026-08-14 02:05:00 PDT / JST 08-14 18:05] --- Instagram 投稿を開始 ---
[INFO] スケジュール読み込み完了: 全33件 / 保留中(pending): 4件
[INFO] 現在の時間に実行予定の保留中（pending）の投稿はありませんでした。
[2026-08-14 02:05:00 PDT / JST 08-14 18:05] Instagram 終了コード: 0
[2026-08-14 02:05:00 PDT / JST 08-14 18:05] --- Threads 投稿を開始 ---
[2026-08-14 18:05:00] 全 33 件 / Threads 未投稿 18 件
[2026-08-14 18:05:00] いま投稿すべき pending はありませんでした。
[2026-08-14 02:05:00 PDT / JST 08-14 18:05] Threads 終了コード: 0
[2026-08-14 02:05:00 PDT / JST 08-14 18:05] --- 正常終了 ---
[2026-08-14 03:05:00 PDT / JST 08-14 19:05] python3 = /usr/bin/python3
[2026-08-14 03:05:00 PDT / JST 08-14 19:05] --- Instagram 投稿を開始 ---
[INFO] スケジュール読み込み完了: 全33件 / 保留中(pending): 4件
[INFO] 現在の時間に実行予定の保留中（pending）の投稿はありませんでした。
[2026-08-14 03:05:00 PDT / JST 08-14 19:05] Instagram 終了コード: 0
[2026-08-14 03:05:00 PDT / JST 08-14 19:05] --- Threads 投稿を開始 ---
[2026-08-14 19:05:00] 全 33 件 / Threads 未投稿 18 件
[2026-08-14 19:05:00] いま投稿すべき pending はありませんでした。
[2026-08-14 03:05:00 PDT / JST 08-14 19:05] Threads 終了コード: 0
[2026-08-14 03:05:00 PDT / JST 08-14 19:05] --- 正常終了 ---
[2026-08-14 04:05:00 PDT / JST 08-14 20:05] python3 = /usr/bin/python3
[2026-08-14 04:05:00 PDT / JST 08-14 20:05] --- Instagram 投稿を開始 ---
[INFO] スケジュール読み込み完了: 全33件 / 保留中(pending): 4件
[INFO] 現在の時間に実行予定の保留中（pending）の投稿はありませんでした。
[2026-08-14 04:05:00 PDT / JST 08-14 20:05] Instagram 終了コード: 0
[2026-08-14 04:05:00 PDT / JST 08-14 20:05] --- Threads 投稿を開始 ---
[2026-08-14 20:05:00] 全 33 件 / Threads 未投稿 18 件
[2026-08-14 20:05:00] いま投稿すべき pending はありませんでした。
[2026-08-14 04:05:00 PDT / JST 08-14 20:05] Threads 終了コード: 0
[2026-08-14 04:05:00 PDT / JST 08-14 20:05] --- 正常終了 ---
[2026-08-14 05:05:01 PDT / JST 08-14 21:05] python3 = /usr/bin/python3
[2026-08-14 05:05:01 PDT / JST 08-14 21:05] --- Instagram 投稿を開始 ---
[INFO] スケジュール読み込み完了: 全33件 / 保留中(pending): 4件
[INFO] 現在の時間に実行予定の保留中（pending）の投稿はありませんでした。
[2026-08-14 05:05:01 PDT / JST 08-14 21:05] Instagram 終了コード: 0
[2026-08-14 05:05:01 PDT / JST 08-14 21:05] --- Threads 投稿を開始 ---
[2026-08-14 21:05:01] 全 33 件 / Threads 未投稿 18 件
[2026-08-14 21:05:01] 投稿実行: 16 (予定 2026-08-14 21:00:00)
[2026-08-14 21:05:01]   コンテナ作成中 (media_type=VIDEO)
[2026-08-14 21:05:02]   コンテナ状態: IN_PROGRESS
[2026-08-14 21:05:17]   コンテナ状態: ERROR
[2026-08-14 21:05:17]   → 失敗: メディア処理エラー
[2026-08-14 21:05:17] WARN: 投稿に失敗したため、今回の実行はここで終了します。
[2026-08-14 21:05:17]       原因を確認してから threads_status を pending に戻してください。
[2026-08-14 21:05:17] posts_schedule.csv を更新しました。
[2026-08-14 05:05:17 PDT / JST 08-14 21:05] Threads 終了コード: 0
[2026-08-14 05:05:18 PDT / JST 08-14 21:05] --- 正常終了 ---
[2026-08-14 06:05:00 PDT / JST 08-14 22:05] python3 = /usr/bin/python3
[2026-08-14 06:05:00 PDT / JST 08-14 22:05] --- Instagram 投稿を開始 ---
[INFO] スケジュール読み込み完了: 全33件 / 保留中(pending): 4件
[INFO] 現在の時間に実行予定の保留中（pending）の投稿はありませんでした。
[2026-08-14 06:05:01 PDT / JST 08-14 22:05] Instagram 終了コード: 0
[2026-08-14 06:05:01 PDT / JST 08-14 22:05] --- Threads 投稿を開始 ---
[2026-08-14 22:05:01] 全 33 件 / Threads 未投稿 17 件
[2026-08-14 22:05:01] いま投稿すべき pending はありませんでした。
[2026-08-14 06:05:01 PDT / JST 08-14 22:05] Threads 終了コード: 0
[2026-08-14 06:05:01 PDT / JST 08-14 22:05] --- 正常終了 ---
[2026-08-14 07:05:00 PDT / JST 08-14 23:05] python3 = /usr/bin/python3
[2026-08-14 07:05:00 PDT / JST 08-14 23:05] --- Instagram 投稿を開始 ---
[INFO] スケジュール読み込み完了: 全33件 / 保留中(pending): 4件
[INFO] 現在の時間に実行予定の保留中（pending）の投稿はありませんでした。
[2026-08-14 07:05:00 PDT / JST 08-14 23:05] Instagram 終了コード: 0
[2026-08-14 07:05:00 PDT / JST 08-14 23:05] --- Threads 投稿を開始 ---
[2026-08-14 23:05:00] 全 33 件 / Threads 未投稿 17 件
[2026-08-14 23:05:00] いま投稿すべき pending はありませんでした。
[2026-08-14 07:05:00 PDT / JST 08-14 23:05] Threads 終了コード: 0
[2026-08-14 07:05:00 PDT / JST 08-14 23:05] --- 正常終了 ---
[2026-08-14 08:05:00 PDT / JST 08-15 00:05] python3 = /usr/bin/python3
[2026-08-14 08:05:00 PDT / JST 08-15 00:05] --- Instagram 投稿を開始 ---
[INFO] スケジュール読み込み完了: 全33件 / 保留中(pending): 4件
[INFO] 現在の時間に実行予定の保留中（pending）の投稿はありませんでした。
[2026-08-14 08:05:00 PDT / JST 08-15 00:05] Instagram 終了コード: 0
[2026-08-14 08:05:00 PDT / JST 08-15 00:05] --- Threads 投稿を開始 ---
[2026-08-15 00:05:00] 全 33 件 / Threads 未投稿 17 件
[2026-08-15 00:05:00] いま投稿すべき pending はありませんでした。
[2026-08-14 08:05:00 PDT / JST 08-15 00:05] Threads 終了コード: 0
[2026-08-14 08:05:00 PDT / JST 08-15 00:05] --- 正常終了 ---
[2026-08-14 09:05:00 PDT / JST 08-15 01:05] python3 = /usr/bin/python3
[2026-08-14 09:05:00 PDT / JST 08-15 01:05] --- Instagram 投稿を開始 ---
[INFO] スケジュール読み込み完了: 全33件 / 保留中(pending): 4件
[INFO] 現在の時間に実行予定の保留中（pending）の投稿はありませんでした。
[2026-08-14 09:05:00 PDT / JST 08-15 01:05] Instagram 終了コード: 0
[2026-08-14 09:05:00 PDT / JST 08-15 01:05] --- Threads 投稿を開始 ---
[2026-08-15 01:05:00] 全 33 件 / Threads 未投稿 17 件
[2026-08-15 01:05:00] いま投稿すべき pending はありませんでした。
[2026-08-14 09:05:00 PDT / JST 08-15 01:05] Threads 終了コード: 0
[2026-08-14 09:05:00 PDT / JST 08-15 01:05] --- 正常終了 ---
[2026-08-14 10:05:00 PDT / JST 08-15 02:05] python3 = /usr/bin/python3
[2026-08-14 10:05:00 PDT / JST 08-15 02:05] --- Instagram 投稿を開始 ---
[INFO] スケジュール読み込み完了: 全33件 / 保留中(pending): 4件
[INFO] 現在の時間に実行予定の保留中（pending）の投稿はありませんでした。
[2026-08-14 10:05:00 PDT / JST 08-15 02:05] Instagram 終了コード: 0
[2026-08-14 10:05:00 PDT / JST 08-15 02:05] --- Threads 投稿を開始 ---
[2026-08-15 02:05:01] 全 33 件 / Threads 未投稿 17 件
[2026-08-15 02:05:01] いま投稿すべき pending はありませんでした。
[2026-08-14 10:05:01 PDT / JST 08-15 02:05] Threads 終了コード: 0
[2026-08-14 10:05:01 PDT / JST 08-15 02:05] --- 正常終了 ---
[2026-08-14 11:05:00 PDT / JST 08-15 03:05] python3 = /usr/bin/python3
[2026-08-14 11:05:00 PDT / JST 08-15 03:05] --- Instagram 投稿を開始 ---
[INFO] スケジュール読み込み完了: 全33件 / 保留中(pending): 4件
[INFO] 現在の時間に実行予定の保留中（pending）の投稿はありませんでした。
[2026-08-14 11:05:00 PDT / JST 08-15 03:05] Instagram 終了コード: 0
[2026-08-14 11:05:00 PDT / JST 08-15 03:05] --- Threads 投稿を開始 ---
[2026-08-15 03:05:00] 全 33 件 / Threads 未投稿 17 件
[2026-08-15 03:05:00] いま投稿すべき pending はありませんでした。
[2026-08-14 11:05:00 PDT / JST 08-15 03:05] Threads 終了コード: 0
[2026-08-14 11:05:00 PDT / JST 08-15 03:05] --- 正常終了 ---
[2026-08-14 12:05:01 PDT / JST 08-15 04:05] python3 = /usr/bin/python3
[2026-08-14 12:05:01 PDT / JST 08-15 04:05] --- Instagram 投稿を開始 ---
[INFO] スケジュール読み込み完了: 全33件 / 保留中(pending): 4件
[INFO] 現在の時間に実行予定の保留中（pending）の投稿はありませんでした。
[2026-08-14 12:05:01 PDT / JST 08-15 04:05] Instagram 終了コード: 0
[2026-08-14 12:05:01 PDT / JST 08-15 04:05] --- Threads 投稿を開始 ---
[2026-08-15 04:05:01] 全 33 件 / Threads 未投稿 17 件
[2026-08-15 04:05:01] いま投稿すべき pending はありませんでした。
[2026-08-14 12:05:01 PDT / JST 08-15 04:05] Threads 終了コード: 0
[2026-08-14 12:05:01 PDT / JST 08-15 04:05] --- 正常終了 ---
[2026-08-14 13:05:00 PDT / JST 08-15 05:05] python3 = /usr/bin/python3
[2026-08-14 13:05:00 PDT / JST 08-15 05:05] --- Instagram 投稿を開始 ---
[INFO] スケジュール読み込み完了: 全33件 / 保留中(pending): 4件
[INFO] 現在の時間に実行予定の保留中（pending）の投稿はありませんでした。
[2026-08-14 13:05:00 PDT / JST 08-15 05:05] Instagram 終了コード: 0
[2026-08-14 13:05:00 PDT / JST 08-15 05:05] --- Threads 投稿を開始 ---
[2026-08-15 05:05:00] 全 33 件 / Threads 未投稿 17 件
[2026-08-15 05:05:00] いま投稿すべき pending はありませんでした。
[2026-08-14 13:05:00 PDT / JST 08-15 05:05] Threads 終了コード: 0
[2026-08-14 13:05:00 PDT / JST 08-15 05:05] --- 正常終了 ---
[2026-08-14 14:05:01 PDT / JST 08-15 06:05] python3 = /usr/bin/python3
[2026-08-14 14:05:01 PDT / JST 08-15 06:05] --- Instagram 投稿を開始 ---
[INFO] スケジュール読み込み完了: 全33件 / 保留中(pending): 4件
[INFO] 現在の時間に実行予定の保留中（pending）の投稿はありませんでした。
[2026-08-14 14:05:01 PDT / JST 08-15 06:05] Instagram 終了コード: 0
[2026-08-14 14:05:01 PDT / JST 08-15 06:05] --- Threads 投稿を開始 ---
[2026-08-15 06:05:01] 全 33 件 / Threads 未投稿 17 件
[2026-08-15 06:05:01] いま投稿すべき pending はありませんでした。
[2026-08-14 14:05:01 PDT / JST 08-15 06:05] Threads 終了コード: 0
[2026-08-14 14:05:01 PDT / JST 08-15 06:05] --- 正常終了 ---
[2026-08-14 15:05:01 PDT / JST 08-15 07:05] python3 = /usr/bin/python3
[2026-08-14 15:05:01 PDT / JST 08-15 07:05] --- Instagram 投稿を開始 ---
[INFO] スケジュール読み込み完了: 全33件 / 保留中(pending): 4件
[INFO] 現在の時間に実行予定の保留中（pending）の投稿はありませんでした。
[2026-08-14 15:05:01 PDT / JST 08-15 07:05] Instagram 終了コード: 0
[2026-08-14 15:05:01 PDT / JST 08-15 07:05] --- Threads 投稿を開始 ---
[2026-08-15 07:05:01] 全 33 件 / Threads 未投稿 17 件
[2026-08-15 07:05:01] いま投稿すべき pending はありませんでした。
[2026-08-14 15:05:01 PDT / JST 08-15 07:05] Threads 終了コード: 0
[2026-08-14 15:05:01 PDT / JST 08-15 07:05] --- 正常終了 ---
[2026-08-14 16:05:00 PDT / JST 08-15 08:05] python3 = /usr/bin/python3
[2026-08-14 16:05:00 PDT / JST 08-15 08:05] --- Instagram 投稿を開始 ---
[INFO] スケジュール読み込み完了: 全33件 / 保留中(pending): 4件
[INFO] 現在の時間に実行予定の保留中（pending）の投稿はありませんでした。
[2026-08-14 16:05:00 PDT / JST 08-15 08:05] Instagram 終了コード: 0
[2026-08-14 16:05:00 PDT / JST 08-15 08:05] --- Threads 投稿を開始 ---
[2026-08-15 08:05:00] 全 33 件 / Threads 未投稿 17 件
[2026-08-15 08:05:00] いま投稿すべき pending はありませんでした。
[2026-08-14 16:05:01 PDT / JST 08-15 08:05] Threads 終了コード: 0
[2026-08-14 16:05:01 PDT / JST 08-15 08:05] --- 正常終了 ---
[2026-08-14 17:05:01 PDT / JST 08-15 09:05] python3 = /usr/bin/python3
[2026-08-14 17:05:01 PDT / JST 08-15 09:05] --- Instagram 投稿を開始 ---
[INFO] スケジュール読み込み完了: 全33件 / 保留中(pending): 4件
[INFO] 現在の時間に実行予定の保留中（pending）の投稿はありませんでした。
[2026-08-14 17:05:01 PDT / JST 08-15 09:05] Instagram 終了コード: 0
[2026-08-14 17:05:01 PDT / JST 08-15 09:05] --- Threads 投稿を開始 ---
[2026-08-15 09:05:01] 全 33 件 / Threads 未投稿 17 件
[2026-08-15 09:05:01] いま投稿すべき pending はありませんでした。
[2026-08-14 17:05:01 PDT / JST 08-15 09:05] Threads 終了コード: 0
[2026-08-14 17:05:01 PDT / JST 08-15 09:05] --- 正常終了 ---
[2026-08-14 18:05:00 PDT / JST 08-15 10:05] python3 = /usr/bin/python3
[2026-08-14 18:05:00 PDT / JST 08-15 10:05] --- Instagram 投稿を開始 ---
[INFO] スケジュール読み込み完了: 全33件 / 保留中(pending): 4件
[INFO] 現在の時間に実行予定の保留中（pending）の投稿はありませんでした。
[2026-08-14 18:05:00 PDT / JST 08-15 10:05] Instagram 終了コード: 0
[2026-08-14 18:05:00 PDT / JST 08-15 10:05] --- Threads 投稿を開始 ---
[2026-08-15 10:05:01] 全 33 件 / Threads 未投稿 17 件
[2026-08-15 10:05:01] いま投稿すべき pending はありませんでした。
[2026-08-14 18:05:01 PDT / JST 08-15 10:05] Threads 終了コード: 0
[2026-08-14 18:05:01 PDT / JST 08-15 10:05] --- 正常終了 ---
[2026-08-14 19:05:00 PDT / JST 08-15 11:05] python3 = /usr/bin/python3
[2026-08-14 19:05:00 PDT / JST 08-15 11:05] --- Instagram 投稿を開始 ---
[INFO] スケジュール読み込み完了: 全33件 / 保留中(pending): 4件
[INFO] 現在の時間に実行予定の保留中（pending）の投稿はありませんでした。
[2026-08-14 19:05:00 PDT / JST 08-15 11:05] Instagram 終了コード: 0
[2026-08-14 19:05:00 PDT / JST 08-15 11:05] --- Threads 投稿を開始 ---
[2026-08-15 11:05:00] 全 33 件 / Threads 未投稿 17 件
[2026-08-15 11:05:00] いま投稿すべき pending はありませんでした。
[2026-08-14 19:05:00 PDT / JST 08-15 11:05] Threads 終了コード: 0
[2026-08-14 19:05:00 PDT / JST 08-15 11:05] --- 正常終了 ---
[2026-08-14 20:05:01 PDT / JST 08-15 12:05] python3 = /usr/bin/python3
[2026-08-14 20:05:01 PDT / JST 08-15 12:05] --- Instagram 投稿を開始 ---
[INFO] スケジュール読み込み完了: 全33件 / 保留中(pending): 4件
[INFO] 現在の時間に実行予定の保留中（pending）の投稿はありませんでした。
[2026-08-14 20:05:01 PDT / JST 08-15 12:05] Instagram 終了コード: 0
[2026-08-14 20:05:01 PDT / JST 08-15 12:05] --- Threads 投稿を開始 ---
[2026-08-15 12:05:01] 全 33 件 / Threads 未投稿 17 件
[2026-08-15 12:05:01] いま投稿すべき pending はありませんでした。
[2026-08-14 20:05:01 PDT / JST 08-15 12:05] Threads 終了コード: 0
[2026-08-14 20:05:01 PDT / JST 08-15 12:05] --- 正常終了 ---
[2026-08-14 21:05:00 PDT / JST 08-15 13:05] python3 = /usr/bin/python3
[2026-08-14 21:05:00 PDT / JST 08-15 13:05] --- Instagram 投稿を開始 ---
[INFO] スケジュール読み込み完了: 全33件 / 保留中(pending): 4件
[INFO] 現在の時間に実行予定の保留中（pending）の投稿はありませんでした。
[2026-08-14 21:05:00 PDT / JST 08-15 13:05] Instagram 終了コード: 0
[2026-08-14 21:05:00 PDT / JST 08-15 13:05] --- Threads 投稿を開始 ---
[2026-08-15 13:05:00] 全 33 件 / Threads 未投稿 17 件
[2026-08-15 13:05:00] いま投稿すべき pending はありませんでした。
[2026-08-14 21:05:00 PDT / JST 08-15 13:05] Threads 終了コード: 0
[2026-08-14 21:05:00 PDT / JST 08-15 13:05] --- 正常終了 ---
[2026-08-14 22:05:00 PDT / JST 08-15 14:05] python3 = /usr/bin/python3
[2026-08-14 22:05:00 PDT / JST 08-15 14:05] --- Instagram 投稿を開始 ---
[INFO] スケジュール読み込み完了: 全33件 / 保留中(pending): 4件
[INFO] 現在の時間に実行予定の保留中（pending）の投稿はありませんでした。
[2026-08-14 22:05:00 PDT / JST 08-15 14:05] Instagram 終了コード: 0
[2026-08-14 22:05:00 PDT / JST 08-15 14:05] --- Threads 投稿を開始 ---
[2026-08-15 14:05:00] 全 33 件 / Threads 未投稿 17 件
[2026-08-15 14:05:00] いま投稿すべき pending はありませんでした。
[2026-08-14 22:05:00 PDT / JST 08-15 14:05] Threads 終了コード: 0
[2026-08-14 22:05:01 PDT / JST 08-15 14:05] --- 正常終了 ---
[2026-08-14 23:05:00 PDT / JST 08-15 15:05] python3 = /usr/bin/python3
[2026-08-14 23:05:00 PDT / JST 08-15 15:05] --- Instagram 投稿を開始 ---
[INFO] スケジュール読み込み完了: 全33件 / 保留中(pending): 4件
[INFO] 現在の時間に実行予定の保留中（pending）の投稿はありませんでした。
[2026-08-14 23:05:00 PDT / JST 08-15 15:05] Instagram 終了コード: 0
[2026-08-14 23:05:00 PDT / JST 08-15 15:05] --- Threads 投稿を開始 ---
[2026-08-15 15:05:01] 全 33 件 / Threads 未投稿 17 件
[2026-08-15 15:05:01] いま投稿すべき pending はありませんでした。
[2026-08-14 23:05:01 PDT / JST 08-15 15:05] Threads 終了コード: 0
[2026-08-14 23:05:01 PDT / JST 08-15 15:05] --- 正常終了 ---
[2026-08-15 00:05:03 PDT / JST 08-15 16:05] python3 = /usr/bin/python3
[2026-08-15 00:05:03 PDT / JST 08-15 16:05] --- Instagram 投稿を開始 ---
[INFO] スケジュール読み込み完了: 全33件 / 保留中(pending): 4件
[INFO] 現在の時間に実行予定の保留中（pending）の投稿はありませんでした。
[2026-08-15 00:05:03 PDT / JST 08-15 16:05] Instagram 終了コード: 0
[2026-08-15 00:05:03 PDT / JST 08-15 16:05] --- Threads 投稿を開始 ---
[2026-08-15 16:05:03] 全 33 件 / Threads 未投稿 17 件
[2026-08-15 16:05:03] いま投稿すべき pending はありませんでした。
[2026-08-15 00:05:03 PDT / JST 08-15 16:05] Threads 終了コード: 0
[2026-08-15 00:05:03 PDT / JST 08-15 16:05] --- 正常終了 ---
[2026-08-15 01:05:00 PDT / JST 08-15 17:05] python3 = /usr/bin/python3
[2026-08-15 01:05:00 PDT / JST 08-15 17:05] --- Instagram 投稿を開始 ---
[INFO] スケジュール読み込み完了: 全33件 / 保留中(pending): 4件
[INFO] 現在の時間に実行予定の保留中（pending）の投稿はありませんでした。
[2026-08-15 01:05:00 PDT / JST 08-15 17:05] Instagram 終了コード: 0
[2026-08-15 01:05:00 PDT / JST 08-15 17:05] --- Threads 投稿を開始 ---
[2026-08-15 17:05:01] 全 33 件 / Threads 未投稿 17 件
[2026-08-15 17:05:01] いま投稿すべき pending はありませんでした。
[2026-08-15 01:05:01 PDT / JST 08-15 17:05] Threads 終了コード: 0
[2026-08-15 01:05:01 PDT / JST 08-15 17:05] --- 正常終了 ---
[2026-08-15 02:05:00 PDT / JST 08-15 18:05] python3 = /usr/bin/python3
[2026-08-15 02:05:00 PDT / JST 08-15 18:05] --- Instagram 投稿を開始 ---
[INFO] スケジュール読み込み完了: 全33件 / 保留中(pending): 4件
[INFO] 現在の時間に実行予定の保留中（pending）の投稿はありませんでした。
[2026-08-15 02:05:00 PDT / JST 08-15 18:05] Instagram 終了コード: 0
[2026-08-15 02:05:00 PDT / JST 08-15 18:05] --- Threads 投稿を開始 ---
[2026-08-15 18:05:00] 全 33 件 / Threads 未投稿 17 件
[2026-08-15 18:05:00] いま投稿すべき pending はありませんでした。
[2026-08-15 02:05:00 PDT / JST 08-15 18:05] Threads 終了コード: 0
[2026-08-15 02:05:00 PDT / JST 08-15 18:05] --- 正常終了 ---
[2026-08-15 03:05:00 PDT / JST 08-15 19:05] python3 = /usr/bin/python3
[2026-08-15 03:05:00 PDT / JST 08-15 19:05] --- Instagram 投稿を開始 ---
[INFO] スケジュール読み込み完了: 全33件 / 保留中(pending): 4件
[INFO] 現在の時間に実行予定の保留中（pending）の投稿はありませんでした。
[2026-08-15 03:05:01 PDT / JST 08-15 19:05] Instagram 終了コード: 0
[2026-08-15 03:05:01 PDT / JST 08-15 19:05] --- Threads 投稿を開始 ---
[2026-08-15 19:05:01] 全 33 件 / Threads 未投稿 17 件
[2026-08-15 19:05:01] いま投稿すべき pending はありませんでした。
[2026-08-15 03:05:01 PDT / JST 08-15 19:05] Threads 終了コード: 0
[2026-08-15 03:05:01 PDT / JST 08-15 19:05] --- 正常終了 ---
[2026-08-15 04:05:01 PDT / JST 08-15 20:05] python3 = /usr/bin/python3
[2026-08-15 04:05:01 PDT / JST 08-15 20:05] --- Instagram 投稿を開始 ---
[INFO] スケジュール読み込み完了: 全33件 / 保留中(pending): 4件
[INFO] 現在の時間に実行予定の保留中（pending）の投稿はありませんでした。
[2026-08-15 04:05:01 PDT / JST 08-15 20:05] Instagram 終了コード: 0
[2026-08-15 04:05:01 PDT / JST 08-15 20:05] --- Threads 投稿を開始 ---
[2026-08-15 20:05:01] 全 33 件 / Threads 未投稿 17 件
[2026-08-15 20:05:01] いま投稿すべき pending はありませんでした。
[2026-08-15 04:05:01 PDT / JST 08-15 20:05] Threads 終了コード: 0
[2026-08-15 04:05:01 PDT / JST 08-15 20:05] --- 正常終了 ---
[2026-08-15 05:05:00 PDT / JST 08-15 21:05] python3 = /usr/bin/python3
[2026-08-15 05:05:00 PDT / JST 08-15 21:05] --- Instagram 投稿を開始 ---
[INFO] スケジュール読み込み完了: 全33件 / 保留中(pending): 4件
[INFO] 現在の時間に実行予定の保留中（pending）の投稿はありませんでした。
[2026-08-15 05:05:00 PDT / JST 08-15 21:05] Instagram 終了コード: 0
[2026-08-15 05:05:00 PDT / JST 08-15 21:05] --- Threads 投稿を開始 ---
[2026-08-15 21:05:00] 全 33 件 / Threads 未投稿 17 件
[2026-08-15 21:05:00] 投稿実行: 17 (予定 2026-08-15 21:00:00)
[2026-08-15 21:05:00]   コンテナ作成中 (media_type=VIDEO)
[2026-08-15 21:05:02]   コンテナ状態: IN_PROGRESS
[2026-08-15 21:05:18]   コンテナ状態: ERROR
[2026-08-15 21:05:18]   → 失敗: メディア処理エラー
[2026-08-15 21:05:18] WARN: 投稿に失敗したため、今回の実行はここで終了します。
[2026-08-15 21:05:18]       原因を確認してから threads_status を pending に戻してください。
[2026-08-15 21:05:18] posts_schedule.csv を更新しました。
[2026-08-15 05:05:18 PDT / JST 08-15 21:05] Threads 終了コード: 0
[2026-08-15 05:05:18 PDT / JST 08-15 21:05] --- 正常終了 ---
[2026-08-15 06:05:00 PDT / JST 08-15 22:05] python3 = /usr/bin/python3
[2026-08-15 06:05:00 PDT / JST 08-15 22:05] --- Instagram 投稿を開始 ---
[INFO] スケジュール読み込み完了: 全33件 / 保留中(pending): 4件
[INFO] 現在の時間に実行予定の保留中（pending）の投稿はありませんでした。
[2026-08-15 06:05:00 PDT / JST 08-15 22:05] Instagram 終了コード: 0
[2026-08-15 06:05:00 PDT / JST 08-15 22:05] --- Threads 投稿を開始 ---
[2026-08-15 22:05:00] 全 33 件 / Threads 未投稿 16 件
[2026-08-15 22:05:00] いま投稿すべき pending はありませんでした。
[2026-08-15 06:05:00 PDT / JST 08-15 22:05] Threads 終了コード: 0
[2026-08-15 06:05:00 PDT / JST 08-15 22:05] --- 正常終了 ---
[2026-08-15 07:05:00 PDT / JST 08-15 23:05] python3 = /usr/bin/python3
[2026-08-15 07:05:00 PDT / JST 08-15 23:05] --- Instagram 投稿を開始 ---
[INFO] スケジュール読み込み完了: 全33件 / 保留中(pending): 4件
[INFO] 現在の時間に実行予定の保留中（pending）の投稿はありませんでした。
[2026-08-15 07:05:00 PDT / JST 08-15 23:05] Instagram 終了コード: 0
[2026-08-15 07:05:00 PDT / JST 08-15 23:05] --- Threads 投稿を開始 ---
[2026-08-15 23:05:00] 全 33 件 / Threads 未投稿 16 件
[2026-08-15 23:05:00] いま投稿すべき pending はありませんでした。
[2026-08-15 07:05:00 PDT / JST 08-15 23:05] Threads 終了コード: 0
[2026-08-15 07:05:00 PDT / JST 08-15 23:05] --- 正常終了 ---
[2026-08-15 08:05:00 PDT / JST 08-16 00:05] python3 = /usr/bin/python3
[2026-08-15 08:05:00 PDT / JST 08-16 00:05] --- Instagram 投稿を開始 ---
[INFO] スケジュール読み込み完了: 全33件 / 保留中(pending): 4件
[INFO] 現在の時間に実行予定の保留中（pending）の投稿はありませんでした。
[2026-08-15 08:05:00 PDT / JST 08-16 00:05] Instagram 終了コード: 0
[2026-08-15 08:05:01 PDT / JST 08-16 00:05] --- Threads 投稿を開始 ---
[2026-08-16 00:05:01] 全 33 件 / Threads 未投稿 16 件
[2026-08-16 00:05:01] いま投稿すべき pending はありませんでした。
[2026-08-15 08:05:01 PDT / JST 08-16 00:05] Threads 終了コード: 0
[2026-08-15 08:05:01 PDT / JST 08-16 00:05] --- 正常終了 ---
[2026-08-15 09:05:01 PDT / JST 08-16 01:05] python3 = /usr/bin/python3
[2026-08-15 09:05:01 PDT / JST 08-16 01:05] --- Instagram 投稿を開始 ---
[INFO] スケジュール読み込み完了: 全33件 / 保留中(pending): 4件
[INFO] 現在の時間に実行予定の保留中（pending）の投稿はありませんでした。
[2026-08-15 09:05:01 PDT / JST 08-16 01:05] Instagram 終了コード: 0
[2026-08-15 09:05:01 PDT / JST 08-16 01:05] --- Threads 投稿を開始 ---
[2026-08-16 01:05:01] 全 33 件 / Threads 未投稿 16 件
[2026-08-16 01:05:01] いま投稿すべき pending はありませんでした。
[2026-08-15 09:05:01 PDT / JST 08-16 01:05] Threads 終了コード: 0
[2026-08-15 09:05:01 PDT / JST 08-16 01:05] --- 正常終了 ---
[2026-08-15 10:05:01 PDT / JST 08-16 02:05] python3 = /usr/bin/python3
[2026-08-15 10:05:01 PDT / JST 08-16 02:05] --- Instagram 投稿を開始 ---
[INFO] スケジュール読み込み完了: 全33件 / 保留中(pending): 4件
[INFO] 現在の時間に実行予定の保留中（pending）の投稿はありませんでした。
[2026-08-15 10:05:01 PDT / JST 08-16 02:05] Instagram 終了コード: 0
[2026-08-15 10:05:01 PDT / JST 08-16 02:05] --- Threads 投稿を開始 ---
[2026-08-16 02:05:01] 全 33 件 / Threads 未投稿 16 件
[2026-08-16 02:05:01] いま投稿すべき pending はありませんでした。
[2026-08-15 10:05:01 PDT / JST 08-16 02:05] Threads 終了コード: 0
[2026-08-15 10:05:01 PDT / JST 08-16 02:05] --- 正常終了 ---
[2026-08-15 11:05:00 PDT / JST 08-16 03:05] python3 = /usr/bin/python3
[2026-08-15 11:05:00 PDT / JST 08-16 03:05] --- Instagram 投稿を開始 ---
[INFO] スケジュール読み込み完了: 全33件 / 保留中(pending): 4件
[INFO] 現在の時間に実行予定の保留中（pending）の投稿はありませんでした。
[2026-08-15 11:05:00 PDT / JST 08-16 03:05] Instagram 終了コード: 0
[2026-08-15 11:05:00 PDT / JST 08-16 03:05] --- Threads 投稿を開始 ---
[2026-08-16 03:05:00] 全 33 件 / Threads 未投稿 16 件
[2026-08-16 03:05:00] いま投稿すべき pending はありませんでした。
[2026-08-15 11:05:00 PDT / JST 08-16 03:05] Threads 終了コード: 0
[2026-08-15 11:05:00 PDT / JST 08-16 03:05] --- 正常終了 ---
[2026-08-15 12:05:00 PDT / JST 08-16 04:05] python3 = /usr/bin/python3
[2026-08-15 12:05:00 PDT / JST 08-16 04:05] --- Instagram 投稿を開始 ---
[INFO] スケジュール読み込み完了: 全33件 / 保留中(pending): 4件
[INFO] 現在の時間に実行予定の保留中（pending）の投稿はありませんでした。
[2026-08-15 12:05:00 PDT / JST 08-16 04:05] Instagram 終了コード: 0
[2026-08-15 12:05:00 PDT / JST 08-16 04:05] --- Threads 投稿を開始 ---
[2026-08-16 04:05:01] 全 33 件 / Threads 未投稿 16 件
[2026-08-16 04:05:01] いま投稿すべき pending はありませんでした。
[2026-08-15 12:05:01 PDT / JST 08-16 04:05] Threads 終了コード: 0
[2026-08-15 12:05:01 PDT / JST 08-16 04:05] --- 正常終了 ---
[2026-08-15 13:05:01 PDT / JST 08-16 05:05] python3 = /usr/bin/python3
[2026-08-15 13:05:01 PDT / JST 08-16 05:05] --- Instagram 投稿を開始 ---
[INFO] スケジュール読み込み完了: 全33件 / 保留中(pending): 4件
[INFO] 現在の時間に実行予定の保留中（pending）の投稿はありませんでした。
[2026-08-15 13:05:01 PDT / JST 08-16 05:05] Instagram 終了コード: 0
[2026-08-15 13:05:01 PDT / JST 08-16 05:05] --- Threads 投稿を開始 ---
[2026-08-16 05:05:01] 全 33 件 / Threads 未投稿 16 件
[2026-08-16 05:05:01] いま投稿すべき pending はありませんでした。
[2026-08-15 13:05:01 PDT / JST 08-16 05:05] Threads 終了コード: 0
[2026-08-15 13:05:01 PDT / JST 08-16 05:05] --- 正常終了 ---
[2026-08-15 14:05:00 PDT / JST 08-16 06:05] python3 = /usr/bin/python3
[2026-08-15 14:05:00 PDT / JST 08-16 06:05] --- Instagram 投稿を開始 ---
[INFO] スケジュール読み込み完了: 全33件 / 保留中(pending): 4件
[INFO] 現在の時間に実行予定の保留中（pending）の投稿はありませんでした。
[2026-08-15 14:05:00 PDT / JST 08-16 06:05] Instagram 終了コード: 0
[2026-08-15 14:05:00 PDT / JST 08-16 06:05] --- Threads 投稿を開始 ---
[2026-08-16 06:05:00] 全 33 件 / Threads 未投稿 16 件
[2026-08-16 06:05:00] いま投稿すべき pending はありませんでした。
[2026-08-15 14:05:00 PDT / JST 08-16 06:05] Threads 終了コード: 0
[2026-08-15 14:05:00 PDT / JST 08-16 06:05] --- 正常終了 ---
[2026-08-15 15:05:00 PDT / JST 08-16 07:05] python3 = /usr/bin/python3
[2026-08-15 15:05:00 PDT / JST 08-16 07:05] --- Instagram 投稿を開始 ---
[INFO] スケジュール読み込み完了: 全33件 / 保留中(pending): 4件
[INFO] 現在の時間に実行予定の保留中（pending）の投稿はありませんでした。
[2026-08-15 15:05:00 PDT / JST 08-16 07:05] Instagram 終了コード: 0
[2026-08-15 15:05:00 PDT / JST 08-16 07:05] --- Threads 投稿を開始 ---
[2026-08-16 07:05:00] 全 33 件 / Threads 未投稿 16 件
[2026-08-16 07:05:00] いま投稿すべき pending はありませんでした。
[2026-08-15 15:05:00 PDT / JST 08-16 07:05] Threads 終了コード: 0
[2026-08-15 15:05:00 PDT / JST 08-16 07:05] --- 正常終了 ---
[2026-08-15 16:05:00 PDT / JST 08-16 08:05] python3 = /usr/bin/python3
[2026-08-15 16:05:00 PDT / JST 08-16 08:05] --- Instagram 投稿を開始 ---
[INFO] スケジュール読み込み完了: 全33件 / 保留中(pending): 4件
[INFO] 現在の時間に実行予定の保留中（pending）の投稿はありませんでした。
[2026-08-15 16:05:00 PDT / JST 08-16 08:05] Instagram 終了コード: 0
[2026-08-15 16:05:00 PDT / JST 08-16 08:05] --- Threads 投稿を開始 ---
[2026-08-16 08:05:00] 全 33 件 / Threads 未投稿 16 件
[2026-08-16 08:05:00] いま投稿すべき pending はありませんでした。
[2026-08-15 16:05:00 PDT / JST 08-16 08:05] Threads 終了コード: 0
[2026-08-15 16:05:00 PDT / JST 08-16 08:05] --- 正常終了 ---
[2026-08-15 17:05:00 PDT / JST 08-16 09:05] python3 = /usr/bin/python3
[2026-08-15 17:05:00 PDT / JST 08-16 09:05] --- Instagram 投稿を開始 ---
[INFO] スケジュール読み込み完了: 全33件 / 保留中(pending): 4件
[INFO] 現在の時間に実行予定の保留中（pending）の投稿はありませんでした。
[2026-08-15 17:05:01 PDT / JST 08-16 09:05] Instagram 終了コード: 0
[2026-08-15 17:05:01 PDT / JST 08-16 09:05] --- Threads 投稿を開始 ---
[2026-08-16 09:05:01] 全 33 件 / Threads 未投稿 16 件
[2026-08-16 09:05:01] いま投稿すべき pending はありませんでした。
[2026-08-15 17:05:01 PDT / JST 08-16 09:05] Threads 終了コード: 0
[2026-08-15 17:05:01 PDT / JST 08-16 09:05] --- 正常終了 ---
[2026-08-15 18:05:00 PDT / JST 08-16 10:05] python3 = /usr/bin/python3
[2026-08-15 18:05:00 PDT / JST 08-16 10:05] --- Instagram 投稿を開始 ---
[INFO] スケジュール読み込み完了: 全33件 / 保留中(pending): 4件
[INFO] 現在の時間に実行予定の保留中（pending）の投稿はありませんでした。
[2026-08-15 18:05:00 PDT / JST 08-16 10:05] Instagram 終了コード: 0
[2026-08-15 18:05:00 PDT / JST 08-16 10:05] --- Threads 投稿を開始 ---
[2026-08-16 10:05:01] 全 33 件 / Threads 未投稿 16 件
[2026-08-16 10:05:01] いま投稿すべき pending はありませんでした。
[2026-08-15 18:05:01 PDT / JST 08-16 10:05] Threads 終了コード: 0
[2026-08-15 18:05:01 PDT / JST 08-16 10:05] --- 正常終了 ---
[2026-08-15 19:05:00 PDT / JST 08-16 11:05] python3 = /usr/bin/python3
[2026-08-15 19:05:00 PDT / JST 08-16 11:05] --- Instagram 投稿を開始 ---
[INFO] スケジュール読み込み完了: 全33件 / 保留中(pending): 4件
[INFO] 現在の時間に実行予定の保留中（pending）の投稿はありませんでした。
[2026-08-15 19:05:00 PDT / JST 08-16 11:05] Instagram 終了コード: 0
[2026-08-15 19:05:00 PDT / JST 08-16 11:05] --- Threads 投稿を開始 ---
[2026-08-16 11:05:00] 全 33 件 / Threads 未投稿 16 件
[2026-08-16 11:05:00] いま投稿すべき pending はありませんでした。
[2026-08-15 19:05:00 PDT / JST 08-16 11:05] Threads 終了コード: 0
[2026-08-15 19:05:00 PDT / JST 08-16 11:05] --- 正常終了 ---
[2026-08-15 20:05:00 PDT / JST 08-16 12:05] python3 = /usr/bin/python3
[2026-08-15 20:05:00 PDT / JST 08-16 12:05] --- Instagram 投稿を開始 ---
[INFO] スケジュール読み込み完了: 全33件 / 保留中(pending): 4件
[INFO] 現在の時間に実行予定の保留中（pending）の投稿はありませんでした。
[2026-08-15 20:05:01 PDT / JST 08-16 12:05] Instagram 終了コード: 0
[2026-08-15 20:05:01 PDT / JST 08-16 12:05] --- Threads 投稿を開始 ---
[2026-08-16 12:05:01] 全 33 件 / Threads 未投稿 16 件
[2026-08-16 12:05:01] いま投稿すべき pending はありませんでした。
[2026-08-15 20:05:01 PDT / JST 08-16 12:05] Threads 終了コード: 0
[2026-08-15 20:05:01 PDT / JST 08-16 12:05] --- 正常終了 ---
[2026-08-15 21:05:00 PDT / JST 08-16 13:05] python3 = /usr/bin/python3
[2026-08-15 21:05:00 PDT / JST 08-16 13:05] --- Instagram 投稿を開始 ---
[INFO] スケジュール読み込み完了: 全33件 / 保留中(pending): 4件
[INFO] 現在の時間に実行予定の保留中（pending）の投稿はありませんでした。
[2026-08-15 21:05:00 PDT / JST 08-16 13:05] Instagram 終了コード: 0
[2026-08-15 21:05:00 PDT / JST 08-16 13:05] --- Threads 投稿を開始 ---
[2026-08-16 13:05:00] 全 33 件 / Threads 未投稿 16 件
[2026-08-16 13:05:00] いま投稿すべき pending はありませんでした。
[2026-08-15 21:05:01 PDT / JST 08-16 13:05] Threads 終了コード: 0
[2026-08-15 21:05:01 PDT / JST 08-16 13:05] --- 正常終了 ---
[2026-08-15 22:05:01 PDT / JST 08-16 14:05] python3 = /usr/bin/python3
[2026-08-15 22:05:01 PDT / JST 08-16 14:05] --- Instagram 投稿を開始 ---
[INFO] スケジュール読み込み完了: 全33件 / 保留中(pending): 4件
[INFO] 現在の時間に実行予定の保留中（pending）の投稿はありませんでした。
[2026-08-15 22:05:01 PDT / JST 08-16 14:05] Instagram 終了コード: 0
[2026-08-15 22:05:01 PDT / JST 08-16 14:05] --- Threads 投稿を開始 ---
[2026-08-16 14:05:01] 全 33 件 / Threads 未投稿 16 件
[2026-08-16 14:05:01] いま投稿すべき pending はありませんでした。
[2026-08-15 22:05:01 PDT / JST 08-16 14:05] Threads 終了コード: 0
[2026-08-15 22:05:01 PDT / JST 08-16 14:05] --- 正常終了 ---
[2026-08-15 23:05:00 PDT / JST 08-16 15:05] python3 = /usr/bin/python3
[2026-08-15 23:05:00 PDT / JST 08-16 15:05] --- Instagram 投稿を開始 ---
[INFO] スケジュール読み込み完了: 全33件 / 保留中(pending): 4件
[INFO] 現在の時間に実行予定の保留中（pending）の投稿はありませんでした。
[2026-08-15 23:05:00 PDT / JST 08-16 15:05] Instagram 終了コード: 0
[2026-08-15 23:05:00 PDT / JST 08-16 15:05] --- Threads 投稿を開始 ---
[2026-08-16 15:05:01] 全 33 件 / Threads 未投稿 16 件
[2026-08-16 15:05:01] いま投稿すべき pending はありませんでした。
[2026-08-15 23:05:01 PDT / JST 08-16 15:05] Threads 終了コード: 0
[2026-08-15 23:05:01 PDT / JST 08-16 15:05] --- 正常終了 ---
[2026-08-16 00:05:00 PDT / JST 08-16 16:05] python3 = /usr/bin/python3
[2026-08-16 00:05:00 PDT / JST 08-16 16:05] --- Instagram 投稿を開始 ---
[INFO] スケジュール読み込み完了: 全33件 / 保留中(pending): 4件
[INFO] 現在の時間に実行予定の保留中（pending）の投稿はありませんでした。
[2026-08-16 00:05:00 PDT / JST 08-16 16:05] Instagram 終了コード: 0
[2026-08-16 00:05:00 PDT / JST 08-16 16:05] --- Threads 投稿を開始 ---
[2026-08-16 16:05:00] 全 33 件 / Threads 未投稿 16 件
[2026-08-16 16:05:00] いま投稿すべき pending はありませんでした。
[2026-08-16 00:05:00 PDT / JST 08-16 16:05] Threads 終了コード: 0
[2026-08-16 00:05:00 PDT / JST 08-16 16:05] --- 正常終了 ---
[2026-08-16 01:05:00 PDT / JST 08-16 17:05] python3 = /usr/bin/python3
[2026-08-16 01:05:00 PDT / JST 08-16 17:05] --- Instagram 投稿を開始 ---
[INFO] スケジュール読み込み完了: 全33件 / 保留中(pending): 4件
[INFO] 現在の時間に実行予定の保留中（pending）の投稿はありませんでした。
[2026-08-16 01:05:00 PDT / JST 08-16 17:05] Instagram 終了コード: 0
[2026-08-16 01:05:00 PDT / JST 08-16 17:05] --- Threads 投稿を開始 ---
[2026-08-16 17:05:00] 全 33 件 / Threads 未投稿 16 件
[2026-08-16 17:05:00] いま投稿すべき pending はありませんでした。
[2026-08-16 01:05:00 PDT / JST 08-16 17:05] Threads 終了コード: 0
[2026-08-16 01:05:00 PDT / JST 08-16 17:05] --- 正常終了 ---
[2026-08-16 02:05:01 PDT / JST 08-16 18:05] python3 = /usr/bin/python3
[2026-08-16 02:05:01 PDT / JST 08-16 18:05] --- Instagram 投稿を開始 ---
[INFO] スケジュール読み込み完了: 全33件 / 保留中(pending): 4件
[INFO] 現在の時間に実行予定の保留中（pending）の投稿はありませんでした。
[2026-08-16 02:05:01 PDT / JST 08-16 18:05] Instagram 終了コード: 0
[2026-08-16 02:05:01 PDT / JST 08-16 18:05] --- Threads 投稿を開始 ---
[2026-08-16 18:05:01] 全 33 件 / Threads 未投稿 16 件
[2026-08-16 18:05:01] いま投稿すべき pending はありませんでした。
[2026-08-16 02:05:01 PDT / JST 08-16 18:05] Threads 終了コード: 0
[2026-08-16 02:05:01 PDT / JST 08-16 18:05] --- 正常終了 ---
[2026-08-16 03:05:00 PDT / JST 08-16 19:05] python3 = /usr/bin/python3
[2026-08-16 03:05:00 PDT / JST 08-16 19:05] --- Instagram 投稿を開始 ---
[INFO] スケジュール読み込み完了: 全33件 / 保留中(pending): 4件
[INFO] 現在の時間に実行予定の保留中（pending）の投稿はありませんでした。
[2026-08-16 03:05:00 PDT / JST 08-16 19:05] Instagram 終了コード: 0
[2026-08-16 03:05:00 PDT / JST 08-16 19:05] --- Threads 投稿を開始 ---
[2026-08-16 19:05:00] 全 33 件 / Threads 未投稿 16 件
[2026-08-16 19:05:00] いま投稿すべき pending はありませんでした。
[2026-08-16 03:05:00 PDT / JST 08-16 19:05] Threads 終了コード: 0
[2026-08-16 03:05:00 PDT / JST 08-16 19:05] --- 正常終了 ---
[2026-08-16 04:05:00 PDT / JST 08-16 20:05] python3 = /usr/bin/python3
[2026-08-16 04:05:00 PDT / JST 08-16 20:05] --- Instagram 投稿を開始 ---
[INFO] スケジュール読み込み完了: 全33件 / 保留中(pending): 4件
[INFO] 現在の時間に実行予定の保留中（pending）の投稿はありませんでした。
[2026-08-16 04:05:00 PDT / JST 08-16 20:05] Instagram 終了コード: 0
[2026-08-16 04:05:00 PDT / JST 08-16 20:05] --- Threads 投稿を開始 ---
[2026-08-16 20:05:00] 全 33 件 / Threads 未投稿 16 件
[2026-08-16 20:05:00] いま投稿すべき pending はありませんでした。
[2026-08-16 04:05:00 PDT / JST 08-16 20:05] Threads 終了コード: 0
[2026-08-16 04:05:00 PDT / JST 08-16 20:05] --- 正常終了 ---
[2026-08-16 05:05:00 PDT / JST 08-16 21:05] python3 = /usr/bin/python3
[2026-08-16 05:05:00 PDT / JST 08-16 21:05] --- Instagram 投稿を開始 ---
[INFO] スケジュール読み込み完了: 全33件 / 保留中(pending): 4件

[EXEC] 投稿を実行します。ID: 18 | 予定時間: 2026-08-16 21:00:00
[INFO] メディアコンテナを作成しています... (URL: https://tachikoma865.github.io/happyart/reels_output/aug/16_choice.mp4)
[SUCCESS] メディアコンテナが作成されました。ID: 18096300272311697
[INFO] メディアコンテナ 18096300272311697 の処理状況を確認中...
 -> ステータス: IN_PROGRESS
 -> ステータス: IN_PROGRESS
 -> ステータス: FINISHED
[INFO] メディアを公開（投稿）しています...
[SUCCESS] Instagramへの投稿が完了しました！ 投稿ID: 18342363547265325

[INFO] 投稿処理が完了し、スケジュールシートを更新しました。
[2026-08-16 05:05:46 PDT / JST 08-16 21:05] Instagram 終了コード: 0
[2026-08-16 05:05:46 PDT / JST 08-16 21:05] --- Threads 投稿を開始 ---
[2026-08-16 21:05:46] 全 33 件 / Threads 未投稿 16 件
[2026-08-16 21:05:46] 投稿実行: 18 (予定 2026-08-16 21:00:00)
[2026-08-16 21:05:46]   コンテナ作成中 (media_type=VIDEO)
[2026-08-16 21:05:48]   コンテナ状態: IN_PROGRESS
[2026-08-16 21:06:04]   コンテナ状態: IN_PROGRESS
[2026-08-16 21:06:20]   コンテナ状態: FINISHED
[2026-08-16 21:06:20]   公開中
[2026-08-16 21:06:27]   → 成功: 18107660729136774
[2026-08-16 21:06:32] posts_schedule.csv を更新しました。
[2026-08-16 05:06:32 PDT / JST 08-16 21:06] Threads 終了コード: 0
[2026-08-16 05:06:32 PDT / JST 08-16 21:06] --- 正常終了 ---
[2026-08-16 06:05:01 PDT / JST 08-16 22:05] python3 = /usr/bin/python3
[2026-08-16 06:05:01 PDT / JST 08-16 22:05] --- Instagram 投稿を開始 ---
[INFO] スケジュール読み込み完了: 全33件 / 保留中(pending): 3件
[INFO] 現在の時間に実行予定の保留中（pending）の投稿はありませんでした。
[2026-08-16 06:05:01 PDT / JST 08-16 22:05] Instagram 終了コード: 0
[2026-08-16 06:05:01 PDT / JST 08-16 22:05] --- Threads 投稿を開始 ---
[2026-08-16 22:05:01] 全 33 件 / Threads 未投稿 15 件
[2026-08-16 22:05:01] いま投稿すべき pending はありませんでした。
[2026-08-16 06:05:01 PDT / JST 08-16 22:05] Threads 終了コード: 0
[2026-08-16 06:05:01 PDT / JST 08-16 22:05] --- 正常終了 ---
[2026-08-16 07:05:00 PDT / JST 08-16 23:05] python3 = /usr/bin/python3
[2026-08-16 07:05:00 PDT / JST 08-16 23:05] --- Instagram 投稿を開始 ---
[INFO] スケジュール読み込み完了: 全33件 / 保留中(pending): 3件
[INFO] 現在の時間に実行予定の保留中（pending）の投稿はありませんでした。
[2026-08-16 07:05:00 PDT / JST 08-16 23:05] Instagram 終了コード: 0
[2026-08-16 07:05:00 PDT / JST 08-16 23:05] --- Threads 投稿を開始 ---
[2026-08-16 23:05:00] 全 33 件 / Threads 未投稿 15 件
[2026-08-16 23:05:00] いま投稿すべき pending はありませんでした。
[2026-08-16 07:05:00 PDT / JST 08-16 23:05] Threads 終了コード: 0
[2026-08-16 07:05:00 PDT / JST 08-16 23:05] --- 正常終了 ---
[2026-08-16 08:05:01 PDT / JST 08-17 00:05] python3 = /usr/bin/python3
[2026-08-16 08:05:01 PDT / JST 08-17 00:05] --- Instagram 投稿を開始 ---
[INFO] スケジュール読み込み完了: 全33件 / 保留中(pending): 3件
[INFO] 現在の時間に実行予定の保留中（pending）の投稿はありませんでした。
[2026-08-16 08:05:01 PDT / JST 08-17 00:05] Instagram 終了コード: 0
[2026-08-16 08:05:01 PDT / JST 08-17 00:05] --- Threads 投稿を開始 ---
[2026-08-17 00:05:01] 全 33 件 / Threads 未投稿 15 件
[2026-08-17 00:05:01] いま投稿すべき pending はありませんでした。
[2026-08-16 08:05:01 PDT / JST 08-17 00:05] Threads 終了コード: 0
[2026-08-16 08:05:01 PDT / JST 08-17 00:05] --- 正常終了 ---
[2026-08-16 09:05:01 PDT / JST 08-17 01:05] python3 = /usr/bin/python3
[2026-08-16 09:05:01 PDT / JST 08-17 01:05] --- Instagram 投稿を開始 ---
[INFO] スケジュール読み込み完了: 全33件 / 保留中(pending): 3件
[INFO] 現在の時間に実行予定の保留中（pending）の投稿はありませんでした。
[2026-08-16 09:05:01 PDT / JST 08-17 01:05] Instagram 終了コード: 0
[2026-08-16 09:05:01 PDT / JST 08-17 01:05] --- Threads 投稿を開始 ---
[2026-08-17 01:05:01] 全 33 件 / Threads 未投稿 15 件
[2026-08-17 01:05:01] いま投稿すべき pending はありませんでした。
[2026-08-16 09:05:01 PDT / JST 08-17 01:05] Threads 終了コード: 0
[2026-08-16 09:05:01 PDT / JST 08-17 01:05] --- 正常終了 ---
[2026-08-16 10:05:00 PDT / JST 08-17 02:05] python3 = /usr/bin/python3
[2026-08-16 10:05:00 PDT / JST 08-17 02:05] --- Instagram 投稿を開始 ---
[INFO] スケジュール読み込み完了: 全33件 / 保留中(pending): 3件
[INFO] 現在の時間に実行予定の保留中（pending）の投稿はありませんでした。
[2026-08-16 10:05:00 PDT / JST 08-17 02:05] Instagram 終了コード: 0
[2026-08-16 10:05:00 PDT / JST 08-17 02:05] --- Threads 投稿を開始 ---
[2026-08-17 02:05:01] 全 33 件 / Threads 未投稿 15 件
[2026-08-17 02:05:01] いま投稿すべき pending はありませんでした。
[2026-08-16 10:05:01 PDT / JST 08-17 02:05] Threads 終了コード: 0
[2026-08-16 10:05:01 PDT / JST 08-17 02:05] --- 正常終了 ---
[2026-08-16 11:05:00 PDT / JST 08-17 03:05] python3 = /usr/bin/python3
[2026-08-16 11:05:00 PDT / JST 08-17 03:05] --- Instagram 投稿を開始 ---
[INFO] スケジュール読み込み完了: 全33件 / 保留中(pending): 3件
[INFO] 現在の時間に実行予定の保留中（pending）の投稿はありませんでした。
[2026-08-16 11:05:00 PDT / JST 08-17 03:05] Instagram 終了コード: 0
[2026-08-16 11:05:00 PDT / JST 08-17 03:05] --- Threads 投稿を開始 ---
[2026-08-17 03:05:01] 全 33 件 / Threads 未投稿 15 件
[2026-08-17 03:05:01] いま投稿すべき pending はありませんでした。
[2026-08-16 11:05:01 PDT / JST 08-17 03:05] Threads 終了コード: 0
[2026-08-16 11:05:01 PDT / JST 08-17 03:05] --- 正常終了 ---
[2026-08-16 12:05:00 PDT / JST 08-17 04:05] python3 = /usr/bin/python3
[2026-08-16 12:05:00 PDT / JST 08-17 04:05] --- Instagram 投稿を開始 ---
[INFO] スケジュール読み込み完了: 全33件 / 保留中(pending): 3件
[INFO] 現在の時間に実行予定の保留中（pending）の投稿はありませんでした。
[2026-08-16 12:05:00 PDT / JST 08-17 04:05] Instagram 終了コード: 0
[2026-08-16 12:05:00 PDT / JST 08-17 04:05] --- Threads 投稿を開始 ---
[2026-08-17 04:05:00] 全 33 件 / Threads 未投稿 15 件
[2026-08-17 04:05:00] いま投稿すべき pending はありませんでした。
[2026-08-16 12:05:00 PDT / JST 08-17 04:05] Threads 終了コード: 0
[2026-08-16 12:05:00 PDT / JST 08-17 04:05] --- 正常終了 ---
[2026-08-16 13:05:00 PDT / JST 08-17 05:05] python3 = /usr/bin/python3
[2026-08-16 13:05:00 PDT / JST 08-17 05:05] --- Instagram 投稿を開始 ---
[INFO] スケジュール読み込み完了: 全33件 / 保留中(pending): 3件
[INFO] 現在の時間に実行予定の保留中（pending）の投稿はありませんでした。
[2026-08-16 13:05:01 PDT / JST 08-17 05:05] Instagram 終了コード: 0
[2026-08-16 13:05:01 PDT / JST 08-17 05:05] --- Threads 投稿を開始 ---
[2026-08-17 05:05:01] 全 33 件 / Threads 未投稿 15 件
[2026-08-17 05:05:01] いま投稿すべき pending はありませんでした。
[2026-08-16 13:05:01 PDT / JST 08-17 05:05] Threads 終了コード: 0
[2026-08-16 13:05:01 PDT / JST 08-17 05:05] --- 正常終了 ---
[2026-08-16 14:05:00 PDT / JST 08-17 06:05] python3 = /usr/bin/python3
[2026-08-16 14:05:00 PDT / JST 08-17 06:05] --- Instagram 投稿を開始 ---
[INFO] スケジュール読み込み完了: 全33件 / 保留中(pending): 3件
[INFO] 現在の時間に実行予定の保留中（pending）の投稿はありませんでした。
[2026-08-16 14:05:00 PDT / JST 08-17 06:05] Instagram 終了コード: 0
[2026-08-16 14:05:00 PDT / JST 08-17 06:05] --- Threads 投稿を開始 ---
[2026-08-17 06:05:00] 全 33 件 / Threads 未投稿 15 件
[2026-08-17 06:05:00] いま投稿すべき pending はありませんでした。
[2026-08-16 14:05:00 PDT / JST 08-17 06:05] Threads 終了コード: 0
[2026-08-16 14:05:00 PDT / JST 08-17 06:05] --- 正常終了 ---
[2026-08-16 15:05:00 PDT / JST 08-17 07:05] python3 = /usr/bin/python3
[2026-08-16 15:05:00 PDT / JST 08-17 07:05] --- Instagram 投稿を開始 ---
[INFO] スケジュール読み込み完了: 全33件 / 保留中(pending): 3件
[INFO] 現在の時間に実行予定の保留中（pending）の投稿はありませんでした。
[2026-08-16 15:05:00 PDT / JST 08-17 07:05] Instagram 終了コード: 0
[2026-08-16 15:05:00 PDT / JST 08-17 07:05] --- Threads 投稿を開始 ---
[2026-08-17 07:05:00] 全 33 件 / Threads 未投稿 15 件
[2026-08-17 07:05:00] いま投稿すべき pending はありませんでした。
[2026-08-16 15:05:00 PDT / JST 08-17 07:05] Threads 終了コード: 0
[2026-08-16 15:05:00 PDT / JST 08-17 07:05] --- 正常終了 ---
[2026-08-16 16:05:00 PDT / JST 08-17 08:05] python3 = /usr/bin/python3
[2026-08-16 16:05:00 PDT / JST 08-17 08:05] --- Instagram 投稿を開始 ---
[INFO] スケジュール読み込み完了: 全33件 / 保留中(pending): 3件
[INFO] 現在の時間に実行予定の保留中（pending）の投稿はありませんでした。
[2026-08-16 16:05:00 PDT / JST 08-17 08:05] Instagram 終了コード: 0
[2026-08-16 16:05:00 PDT / JST 08-17 08:05] --- Threads 投稿を開始 ---
[2026-08-17 08:05:00] 全 33 件 / Threads 未投稿 15 件
[2026-08-17 08:05:00] いま投稿すべき pending はありませんでした。
[2026-08-16 16:05:00 PDT / JST 08-17 08:05] Threads 終了コード: 0
[2026-08-16 16:05:00 PDT / JST 08-17 08:05] --- 正常終了 ---
[2026-08-16 17:05:00 PDT / JST 08-17 09:05] python3 = /usr/bin/python3
[2026-08-16 17:05:00 PDT / JST 08-17 09:05] --- Instagram 投稿を開始 ---
[INFO] スケジュール読み込み完了: 全33件 / 保留中(pending): 3件
[INFO] 現在の時間に実行予定の保留中（pending）の投稿はありませんでした。
[2026-08-16 17:05:00 PDT / JST 08-17 09:05] Instagram 終了コード: 0
[2026-08-16 17:05:00 PDT / JST 08-17 09:05] --- Threads 投稿を開始 ---
[2026-08-17 09:05:00] 全 33 件 / Threads 未投稿 15 件
[2026-08-17 09:05:00] いま投稿すべき pending はありませんでした。
[2026-08-16 17:05:00 PDT / JST 08-17 09:05] Threads 終了コード: 0
[2026-08-16 17:05:00 PDT / JST 08-17 09:05] --- 正常終了 ---
[2026-08-16 18:05:00 PDT / JST 08-17 10:05] python3 = /usr/bin/python3
[2026-08-16 18:05:00 PDT / JST 08-17 10:05] --- Instagram 投稿を開始 ---
[INFO] スケジュール読み込み完了: 全33件 / 保留中(pending): 3件
[INFO] 現在の時間に実行予定の保留中（pending）の投稿はありませんでした。
[2026-08-16 18:05:00 PDT / JST 08-17 10:05] Instagram 終了コード: 0
[2026-08-16 18:05:00 PDT / JST 08-17 10:05] --- Threads 投稿を開始 ---
[2026-08-17 10:05:01] 全 33 件 / Threads 未投稿 15 件
[2026-08-17 10:05:01] いま投稿すべき pending はありませんでした。
[2026-08-16 18:05:01 PDT / JST 08-17 10:05] Threads 終了コード: 0
[2026-08-16 18:05:01 PDT / JST 08-17 10:05] --- 正常終了 ---
[2026-08-16 19:05:01 PDT / JST 08-17 11:05] python3 = /usr/bin/python3
[2026-08-16 19:05:01 PDT / JST 08-17 11:05] --- Instagram 投稿を開始 ---
[INFO] スケジュール読み込み完了: 全33件 / 保留中(pending): 3件
[INFO] 現在の時間に実行予定の保留中（pending）の投稿はありませんでした。
[2026-08-16 19:05:01 PDT / JST 08-17 11:05] Instagram 終了コード: 0
[2026-08-16 19:05:01 PDT / JST 08-17 11:05] --- Threads 投稿を開始 ---
[2026-08-17 11:05:01] 全 33 件 / Threads 未投稿 15 件
[2026-08-17 11:05:01] いま投稿すべき pending はありませんでした。
[2026-08-16 19:05:01 PDT / JST 08-17 11:05] Threads 終了コード: 0
[2026-08-16 19:05:01 PDT / JST 08-17 11:05] --- 正常終了 ---
[2026-08-16 20:05:00 PDT / JST 08-17 12:05] python3 = /usr/bin/python3
[2026-08-16 20:05:00 PDT / JST 08-17 12:05] --- Instagram 投稿を開始 ---
[INFO] スケジュール読み込み完了: 全33件 / 保留中(pending): 3件
[INFO] 現在の時間に実行予定の保留中（pending）の投稿はありませんでした。
[2026-08-16 20:05:00 PDT / JST 08-17 12:05] Instagram 終了コード: 0
[2026-08-16 20:05:00 PDT / JST 08-17 12:05] --- Threads 投稿を開始 ---
[2026-08-17 12:05:00] 全 33 件 / Threads 未投稿 15 件
[2026-08-17 12:05:00] いま投稿すべき pending はありませんでした。
[2026-08-16 20:05:00 PDT / JST 08-17 12:05] Threads 終了コード: 0
[2026-08-16 20:05:00 PDT / JST 08-17 12:05] --- 正常終了 ---
[2026-08-16 21:05:00 PDT / JST 08-17 13:05] python3 = /usr/bin/python3
[2026-08-16 21:05:00 PDT / JST 08-17 13:05] --- Instagram 投稿を開始 ---
[INFO] スケジュール読み込み完了: 全33件 / 保留中(pending): 3件
[INFO] 現在の時間に実行予定の保留中（pending）の投稿はありませんでした。
[2026-08-16 21:05:00 PDT / JST 08-17 13:05] Instagram 終了コード: 0
[2026-08-16 21:05:00 PDT / JST 08-17 13:05] --- Threads 投稿を開始 ---
[2026-08-17 13:05:00] 全 33 件 / Threads 未投稿 15 件
[2026-08-17 13:05:00] いま投稿すべき pending はありませんでした。
[2026-08-16 21:05:00 PDT / JST 08-17 13:05] Threads 終了コード: 0
[2026-08-16 21:05:00 PDT / JST 08-17 13:05] --- 正常終了 ---
[2026-08-16 22:05:00 PDT / JST 08-17 14:05] python3 = /usr/bin/python3
[2026-08-16 22:05:00 PDT / JST 08-17 14:05] --- Instagram 投稿を開始 ---
[INFO] スケジュール読み込み完了: 全33件 / 保留中(pending): 3件
[INFO] 現在の時間に実行予定の保留中（pending）の投稿はありませんでした。
[2026-08-16 22:05:01 PDT / JST 08-17 14:05] Instagram 終了コード: 0
[2026-08-16 22:05:01 PDT / JST 08-17 14:05] --- Threads 投稿を開始 ---
[2026-08-17 14:05:01] 全 33 件 / Threads 未投稿 15 件
[2026-08-17 14:05:01] いま投稿すべき pending はありませんでした。
[2026-08-16 22:05:01 PDT / JST 08-17 14:05] Threads 終了コード: 0
[2026-08-16 22:05:01 PDT / JST 08-17 14:05] --- 正常終了 ---
[2026-08-16 23:05:00 PDT / JST 08-17 15:05] python3 = /usr/bin/python3
[2026-08-16 23:05:00 PDT / JST 08-17 15:05] --- Instagram 投稿を開始 ---
[INFO] スケジュール読み込み完了: 全33件 / 保留中(pending): 3件
[INFO] 現在の時間に実行予定の保留中（pending）の投稿はありませんでした。
[2026-08-16 23:05:00 PDT / JST 08-17 15:05] Instagram 終了コード: 0
[2026-08-16 23:05:00 PDT / JST 08-17 15:05] --- Threads 投稿を開始 ---
[2026-08-17 15:05:00] 全 33 件 / Threads 未投稿 15 件
[2026-08-17 15:05:00] いま投稿すべき pending はありませんでした。
[2026-08-16 23:05:00 PDT / JST 08-17 15:05] Threads 終了コード: 0
[2026-08-16 23:05:00 PDT / JST 08-17 15:05] --- 正常終了 ---
[2026-08-17 00:05:01 PDT / JST 08-17 16:05] python3 = /usr/bin/python3
[2026-08-17 00:05:01 PDT / JST 08-17 16:05] --- Instagram 投稿を開始 ---
[INFO] スケジュール読み込み完了: 全33件 / 保留中(pending): 3件
[INFO] 現在の時間に実行予定の保留中（pending）の投稿はありませんでした。
[2026-08-17 00:05:01 PDT / JST 08-17 16:05] Instagram 終了コード: 0
[2026-08-17 00:05:01 PDT / JST 08-17 16:05] --- Threads 投稿を開始 ---
[2026-08-17 16:05:01] 全 33 件 / Threads 未投稿 15 件
[2026-08-17 16:05:01] いま投稿すべき pending はありませんでした。
[2026-08-17 00:05:01 PDT / JST 08-17 16:05] Threads 終了コード: 0
[2026-08-17 00:05:01 PDT / JST 08-17 16:05] --- 正常終了 ---
[2026-08-17 01:05:00 PDT / JST 08-17 17:05] python3 = /usr/bin/python3
[2026-08-17 01:05:00 PDT / JST 08-17 17:05] --- Instagram 投稿を開始 ---
[INFO] スケジュール読み込み完了: 全33件 / 保留中(pending): 3件
[INFO] 現在の時間に実行予定の保留中（pending）の投稿はありませんでした。
[2026-08-17 01:05:00 PDT / JST 08-17 17:05] Instagram 終了コード: 0
[2026-08-17 01:05:00 PDT / JST 08-17 17:05] --- Threads 投稿を開始 ---
[2026-08-17 17:05:00] 全 33 件 / Threads 未投稿 15 件
[2026-08-17 17:05:00] いま投稿すべき pending はありませんでした。
[2026-08-17 01:05:00 PDT / JST 08-17 17:05] Threads 終了コード: 0
[2026-08-17 01:05:00 PDT / JST 08-17 17:05] --- 正常終了 ---
[2026-08-17 02:05:00 PDT / JST 08-17 18:05] python3 = /usr/bin/python3
[2026-08-17 02:05:00 PDT / JST 08-17 18:05] --- Instagram 投稿を開始 ---
[INFO] スケジュール読み込み完了: 全33件 / 保留中(pending): 3件
[INFO] 現在の時間に実行予定の保留中（pending）の投稿はありませんでした。
[2026-08-17 02:05:00 PDT / JST 08-17 18:05] Instagram 終了コード: 0
[2026-08-17 02:05:00 PDT / JST 08-17 18:05] --- Threads 投稿を開始 ---
[2026-08-17 18:05:00] 全 33 件 / Threads 未投稿 15 件
[2026-08-17 18:05:00] いま投稿すべき pending はありませんでした。
[2026-08-17 02:05:00 PDT / JST 08-17 18:05] Threads 終了コード: 0
[2026-08-17 02:05:00 PDT / JST 08-17 18:05] --- 正常終了 ---
[2026-08-17 03:05:00 PDT / JST 08-17 19:05] python3 = /usr/bin/python3
[2026-08-17 03:05:00 PDT / JST 08-17 19:05] --- Instagram 投稿を開始 ---
[INFO] スケジュール読み込み完了: 全33件 / 保留中(pending): 3件
[INFO] 現在の時間に実行予定の保留中（pending）の投稿はありませんでした。
[2026-08-17 03:05:00 PDT / JST 08-17 19:05] Instagram 終了コード: 0
[2026-08-17 03:05:01 PDT / JST 08-17 19:05] --- Threads 投稿を開始 ---
[2026-08-17 19:05:01] 全 33 件 / Threads 未投稿 15 件
[2026-08-17 19:05:01] いま投稿すべき pending はありませんでした。
[2026-08-17 03:05:01 PDT / JST 08-17 19:05] Threads 終了コード: 0
[2026-08-17 03:05:01 PDT / JST 08-17 19:05] --- 正常終了 ---
[2026-08-17 05:05:01 PDT / JST 08-17 21:05] python3 = /usr/bin/python3
[2026-08-17 05:05:01 PDT / JST 08-17 21:05] --- Instagram 投稿を開始 ---
[INFO] スケジュール読み込み完了: 全33件 / 保留中(pending): 3件
[INFO] 現在の時間に実行予定の保留中（pending）の投稿はありませんでした。
[2026-08-17 05:05:01 PDT / JST 08-17 21:05] Instagram 終了コード: 0
[2026-08-17 05:05:01 PDT / JST 08-17 21:05] --- Threads 投稿を開始 ---
[2026-08-17 21:05:01] 全 33 件 / Threads 未投稿 15 件
[2026-08-17 21:05:01] 投稿実行: 19 (予定 2026-08-17 21:00:00)
[2026-08-17 21:05:01]   コンテナ作成中 (media_type=VIDEO)
[2026-08-17 21:05:02]   コンテナ状態: IN_PROGRESS
[2026-08-17 21:05:18]   コンテナ状態: ERROR
[2026-08-17 21:05:18]   → 失敗: メディア処理エラー
[2026-08-17 21:05:18] WARN: 投稿に失敗したため、今回の実行はここで終了します。
[2026-08-17 21:05:18]       原因を確認してから threads_status を pending に戻してください。
[2026-08-17 21:05:18] posts_schedule.csv を更新しました。
[2026-08-17 05:05:18 PDT / JST 08-17 21:05] Threads 終了コード: 0
[2026-08-17 05:05:18 PDT / JST 08-17 21:05] --- 正常終了 ---
[2026-08-17 06:05:00 PDT / JST 08-17 22:05] python3 = /usr/bin/python3
[2026-08-17 06:05:00 PDT / JST 08-17 22:05] --- Instagram 投稿を開始 ---
[INFO] スケジュール読み込み完了: 全33件 / 保留中(pending): 3件
[INFO] 現在の時間に実行予定の保留中（pending）の投稿はありませんでした。
[2026-08-17 06:05:00 PDT / JST 08-17 22:05] Instagram 終了コード: 0
[2026-08-17 06:05:00 PDT / JST 08-17 22:05] --- Threads 投稿を開始 ---
[2026-08-17 22:05:01] 全 33 件 / Threads 未投稿 14 件
[2026-08-17 22:05:01] いま投稿すべき pending はありませんでした。
[2026-08-17 06:05:01 PDT / JST 08-17 22:05] Threads 終了コード: 0
[2026-08-17 06:05:01 PDT / JST 08-17 22:05] --- 正常終了 ---
[2026-08-17 07:05:00 PDT / JST 08-17 23:05] python3 = /usr/bin/python3
[2026-08-17 07:05:00 PDT / JST 08-17 23:05] --- Instagram 投稿を開始 ---
[INFO] スケジュール読み込み完了: 全33件 / 保留中(pending): 3件
[INFO] 現在の時間に実行予定の保留中（pending）の投稿はありませんでした。
[2026-08-17 07:05:00 PDT / JST 08-17 23:05] Instagram 終了コード: 0
[2026-08-17 07:05:00 PDT / JST 08-17 23:05] --- Threads 投稿を開始 ---
[2026-08-17 23:05:00] 全 33 件 / Threads 未投稿 14 件
[2026-08-17 23:05:00] いま投稿すべき pending はありませんでした。
[2026-08-17 07:05:00 PDT / JST 08-17 23:05] Threads 終了コード: 0
[2026-08-17 07:05:00 PDT / JST 08-17 23:05] --- 正常終了 ---
[2026-08-17 08:05:00 PDT / JST 08-18 00:05] python3 = /usr/bin/python3
[2026-08-17 08:05:00 PDT / JST 08-18 00:05] --- Instagram 投稿を開始 ---
[INFO] スケジュール読み込み完了: 全33件 / 保留中(pending): 3件
[INFO] 現在の時間に実行予定の保留中（pending）の投稿はありませんでした。
[2026-08-17 08:05:00 PDT / JST 08-18 00:05] Instagram 終了コード: 0
[2026-08-17 08:05:00 PDT / JST 08-18 00:05] --- Threads 投稿を開始 ---
[2026-08-18 00:05:00] 全 33 件 / Threads 未投稿 14 件
[2026-08-18 00:05:00] いま投稿すべき pending はありませんでした。
[2026-08-17 08:05:00 PDT / JST 08-18 00:05] Threads 終了コード: 0
[2026-08-17 08:05:00 PDT / JST 08-18 00:05] --- 正常終了 ---
[2026-08-17 09:05:00 PDT / JST 08-18 01:05] python3 = /usr/bin/python3
[2026-08-17 09:05:00 PDT / JST 08-18 01:05] --- Instagram 投稿を開始 ---
[INFO] スケジュール読み込み完了: 全33件 / 保留中(pending): 3件
[INFO] 現在の時間に実行予定の保留中（pending）の投稿はありませんでした。
[2026-08-17 09:05:00 PDT / JST 08-18 01:05] Instagram 終了コード: 0
[2026-08-17 09:05:00 PDT / JST 08-18 01:05] --- Threads 投稿を開始 ---
[2026-08-18 01:05:00] 全 33 件 / Threads 未投稿 14 件
[2026-08-18 01:05:00] いま投稿すべき pending はありませんでした。
[2026-08-17 09:05:00 PDT / JST 08-18 01:05] Threads 終了コード: 0
[2026-08-17 09:05:00 PDT / JST 08-18 01:05] --- 正常終了 ---
[2026-08-17 10:05:01 PDT / JST 08-18 02:05] python3 = /usr/bin/python3
[2026-08-17 10:05:01 PDT / JST 08-18 02:05] --- Instagram 投稿を開始 ---
[INFO] スケジュール読み込み完了: 全33件 / 保留中(pending): 3件
[INFO] 現在の時間に実行予定の保留中（pending）の投稿はありませんでした。
[2026-08-17 10:05:01 PDT / JST 08-18 02:05] Instagram 終了コード: 0
[2026-08-17 10:05:01 PDT / JST 08-18 02:05] --- Threads 投稿を開始 ---
[2026-08-18 02:05:01] 全 33 件 / Threads 未投稿 14 件
[2026-08-18 02:05:01] いま投稿すべき pending はありませんでした。
[2026-08-17 10:05:01 PDT / JST 08-18 02:05] Threads 終了コード: 0
[2026-08-17 10:05:01 PDT / JST 08-18 02:05] --- 正常終了 ---
[2026-08-17 11:05:01 PDT / JST 08-18 03:05] python3 = /usr/bin/python3
[2026-08-17 11:05:01 PDT / JST 08-18 03:05] --- Instagram 投稿を開始 ---
[INFO] スケジュール読み込み完了: 全33件 / 保留中(pending): 3件
[INFO] 現在の時間に実行予定の保留中（pending）の投稿はありませんでした。
[2026-08-17 11:05:01 PDT / JST 08-18 03:05] Instagram 終了コード: 0
[2026-08-17 11:05:01 PDT / JST 08-18 03:05] --- Threads 投稿を開始 ---
[2026-08-18 03:05:01] 全 33 件 / Threads 未投稿 14 件
[2026-08-18 03:05:01] いま投稿すべき pending はありませんでした。
[2026-08-17 11:05:01 PDT / JST 08-18 03:05] Threads 終了コード: 0
[2026-08-17 11:05:01 PDT / JST 08-18 03:05] --- 正常終了 ---
[2026-08-17 12:05:00 PDT / JST 08-18 04:05] python3 = /usr/bin/python3
[2026-08-17 12:05:00 PDT / JST 08-18 04:05] --- Instagram 投稿を開始 ---
[INFO] スケジュール読み込み完了: 全33件 / 保留中(pending): 3件
[INFO] 現在の時間に実行予定の保留中（pending）の投稿はありませんでした。
[2026-08-17 12:05:00 PDT / JST 08-18 04:05] Instagram 終了コード: 0
[2026-08-17 12:05:00 PDT / JST 08-18 04:05] --- Threads 投稿を開始 ---
[2026-08-18 04:05:01] 全 33 件 / Threads 未投稿 14 件
[2026-08-18 04:05:01] いま投稿すべき pending はありませんでした。
[2026-08-17 12:05:01 PDT / JST 08-18 04:05] Threads 終了コード: 0
[2026-08-17 12:05:01 PDT / JST 08-18 04:05] --- 正常終了 ---
[2026-08-17 13:05:00 PDT / JST 08-18 05:05] python3 = /usr/bin/python3
[2026-08-17 13:05:00 PDT / JST 08-18 05:05] --- Instagram 投稿を開始 ---
[INFO] スケジュール読み込み完了: 全33件 / 保留中(pending): 3件
[INFO] 現在の時間に実行予定の保留中（pending）の投稿はありませんでした。
[2026-08-17 13:05:01 PDT / JST 08-18 05:05] Instagram 終了コード: 0
[2026-08-17 13:05:01 PDT / JST 08-18 05:05] --- Threads 投稿を開始 ---
[2026-08-18 05:05:01] 全 33 件 / Threads 未投稿 14 件
[2026-08-18 05:05:01] いま投稿すべき pending はありませんでした。
[2026-08-17 13:05:01 PDT / JST 08-18 05:05] Threads 終了コード: 0
[2026-08-17 13:05:01 PDT / JST 08-18 05:05] --- 正常終了 ---
[2026-08-17 14:05:00 PDT / JST 08-18 06:05] python3 = /usr/bin/python3
[2026-08-17 14:05:00 PDT / JST 08-18 06:05] --- Instagram 投稿を開始 ---
[INFO] スケジュール読み込み完了: 全33件 / 保留中(pending): 3件
[INFO] 現在の時間に実行予定の保留中（pending）の投稿はありませんでした。
[2026-08-17 14:05:00 PDT / JST 08-18 06:05] Instagram 終了コード: 0
[2026-08-17 14:05:00 PDT / JST 08-18 06:05] --- Threads 投稿を開始 ---
[2026-08-18 06:05:01] 全 33 件 / Threads 未投稿 14 件
[2026-08-18 06:05:01] いま投稿すべき pending はありませんでした。
[2026-08-17 14:05:01 PDT / JST 08-18 06:05] Threads 終了コード: 0
[2026-08-17 14:05:01 PDT / JST 08-18 06:05] --- 正常終了 ---
[2026-08-17 15:05:01 PDT / JST 08-18 07:05] python3 = /usr/bin/python3
[2026-08-17 15:05:01 PDT / JST 08-18 07:05] --- Instagram 投稿を開始 ---
[INFO] スケジュール読み込み完了: 全33件 / 保留中(pending): 3件
[INFO] 現在の時間に実行予定の保留中（pending）の投稿はありませんでした。
[2026-08-17 15:05:01 PDT / JST 08-18 07:05] Instagram 終了コード: 0
[2026-08-17 15:05:01 PDT / JST 08-18 07:05] --- Threads 投稿を開始 ---
[2026-08-18 07:05:01] 全 33 件 / Threads 未投稿 14 件
[2026-08-18 07:05:01] いま投稿すべき pending はありませんでした。
[2026-08-17 15:05:01 PDT / JST 08-18 07:05] Threads 終了コード: 0
[2026-08-17 15:05:01 PDT / JST 08-18 07:05] --- 正常終了 ---
[2026-08-17 16:05:01 PDT / JST 08-18 08:05] python3 = /usr/bin/python3
[2026-08-17 16:05:01 PDT / JST 08-18 08:05] --- Instagram 投稿を開始 ---
[INFO] スケジュール読み込み完了: 全33件 / 保留中(pending): 3件
[INFO] 現在の時間に実行予定の保留中（pending）の投稿はありませんでした。
[2026-08-17 16:05:01 PDT / JST 08-18 08:05] Instagram 終了コード: 0
[2026-08-17 16:05:01 PDT / JST 08-18 08:05] --- Threads 投稿を開始 ---
[2026-08-18 08:05:01] 全 33 件 / Threads 未投稿 14 件
[2026-08-18 08:05:01] いま投稿すべき pending はありませんでした。
[2026-08-17 16:05:01 PDT / JST 08-18 08:05] Threads 終了コード: 0
[2026-08-17 16:05:01 PDT / JST 08-18 08:05] --- 正常終了 ---
[2026-08-17 17:05:00 PDT / JST 08-18 09:05] python3 = /usr/bin/python3
[2026-08-17 17:05:00 PDT / JST 08-18 09:05] --- Instagram 投稿を開始 ---
[INFO] スケジュール読み込み完了: 全33件 / 保留中(pending): 3件
[INFO] 現在の時間に実行予定の保留中（pending）の投稿はありませんでした。
[2026-08-17 17:05:00 PDT / JST 08-18 09:05] Instagram 終了コード: 0
[2026-08-17 17:05:00 PDT / JST 08-18 09:05] --- Threads 投稿を開始 ---
[2026-08-18 09:05:00] 全 33 件 / Threads 未投稿 14 件
[2026-08-18 09:05:00] いま投稿すべき pending はありませんでした。
[2026-08-17 17:05:00 PDT / JST 08-18 09:05] Threads 終了コード: 0
[2026-08-17 17:05:00 PDT / JST 08-18 09:05] --- 正常終了 ---
[2026-08-17 18:05:01 PDT / JST 08-18 10:05] python3 = /usr/bin/python3
[2026-08-17 18:05:01 PDT / JST 08-18 10:05] --- Instagram 投稿を開始 ---
[INFO] スケジュール読み込み完了: 全33件 / 保留中(pending): 3件
[INFO] 現在の時間に実行予定の保留中（pending）の投稿はありませんでした。
[2026-08-17 18:05:01 PDT / JST 08-18 10:05] Instagram 終了コード: 0
[2026-08-17 18:05:01 PDT / JST 08-18 10:05] --- Threads 投稿を開始 ---
[2026-08-18 10:05:01] 全 33 件 / Threads 未投稿 14 件
[2026-08-18 10:05:01] いま投稿すべき pending はありませんでした。
[2026-08-17 18:05:01 PDT / JST 08-18 10:05] Threads 終了コード: 0
[2026-08-17 18:05:01 PDT / JST 08-18 10:05] --- 正常終了 ---
[2026-08-17 19:05:01 PDT / JST 08-18 11:05] python3 = /usr/bin/python3
[2026-08-17 19:05:01 PDT / JST 08-18 11:05] --- Instagram 投稿を開始 ---
[INFO] スケジュール読み込み完了: 全33件 / 保留中(pending): 3件
[INFO] 現在の時間に実行予定の保留中（pending）の投稿はありませんでした。
[2026-08-17 19:05:01 PDT / JST 08-18 11:05] Instagram 終了コード: 0
[2026-08-17 19:05:01 PDT / JST 08-18 11:05] --- Threads 投稿を開始 ---
[2026-08-18 11:05:01] 全 33 件 / Threads 未投稿 14 件
[2026-08-18 11:05:01] いま投稿すべき pending はありませんでした。
[2026-08-17 19:05:01 PDT / JST 08-18 11:05] Threads 終了コード: 0
[2026-08-17 19:05:01 PDT / JST 08-18 11:05] --- 正常終了 ---
[2026-08-17 20:05:00 PDT / JST 08-18 12:05] python3 = /usr/bin/python3
[2026-08-17 20:05:00 PDT / JST 08-18 12:05] --- Instagram 投稿を開始 ---
[INFO] スケジュール読み込み完了: 全33件 / 保留中(pending): 3件
[INFO] 現在の時間に実行予定の保留中（pending）の投稿はありませんでした。
[2026-08-17 20:05:00 PDT / JST 08-18 12:05] Instagram 終了コード: 0
[2026-08-17 20:05:00 PDT / JST 08-18 12:05] --- Threads 投稿を開始 ---
[2026-08-18 12:05:00] 全 33 件 / Threads 未投稿 14 件
[2026-08-18 12:05:00] いま投稿すべき pending はありませんでした。
[2026-08-17 20:05:00 PDT / JST 08-18 12:05] Threads 終了コード: 0
[2026-08-17 20:05:00 PDT / JST 08-18 12:05] --- 正常終了 ---
[2026-08-17 21:05:00 PDT / JST 08-18 13:05] python3 = /usr/bin/python3
[2026-08-17 21:05:00 PDT / JST 08-18 13:05] --- Instagram 投稿を開始 ---
[INFO] スケジュール読み込み完了: 全33件 / 保留中(pending): 3件
[INFO] 現在の時間に実行予定の保留中（pending）の投稿はありませんでした。
[2026-08-17 21:05:01 PDT / JST 08-18 13:05] Instagram 終了コード: 0
[2026-08-17 21:05:01 PDT / JST 08-18 13:05] --- Threads 投稿を開始 ---
[2026-08-18 13:05:01] 全 33 件 / Threads 未投稿 14 件
[2026-08-18 13:05:01] いま投稿すべき pending はありませんでした。
[2026-08-17 21:05:01 PDT / JST 08-18 13:05] Threads 終了コード: 0
[2026-08-17 21:05:01 PDT / JST 08-18 13:05] --- 正常終了 ---
[2026-08-17 22:05:00 PDT / JST 08-18 14:05] python3 = /usr/bin/python3
[2026-08-17 22:05:00 PDT / JST 08-18 14:05] --- Instagram 投稿を開始 ---
[INFO] スケジュール読み込み完了: 全33件 / 保留中(pending): 3件
[INFO] 現在の時間に実行予定の保留中（pending）の投稿はありませんでした。
[2026-08-17 22:05:00 PDT / JST 08-18 14:05] Instagram 終了コード: 0
[2026-08-17 22:05:00 PDT / JST 08-18 14:05] --- Threads 投稿を開始 ---
[2026-08-18 14:05:00] 全 33 件 / Threads 未投稿 14 件
[2026-08-18 14:05:00] いま投稿すべき pending はありませんでした。
[2026-08-17 22:05:00 PDT / JST 08-18 14:05] Threads 終了コード: 0
[2026-08-17 22:05:00 PDT / JST 08-18 14:05] --- 正常終了 ---
[2026-08-17 23:05:00 PDT / JST 08-18 15:05] python3 = /usr/bin/python3
[2026-08-17 23:05:00 PDT / JST 08-18 15:05] --- Instagram 投稿を開始 ---
[INFO] スケジュール読み込み完了: 全33件 / 保留中(pending): 3件
[INFO] 現在の時間に実行予定の保留中（pending）の投稿はありませんでした。
[2026-08-17 23:05:01 PDT / JST 08-18 15:05] Instagram 終了コード: 0
[2026-08-17 23:05:01 PDT / JST 08-18 15:05] --- Threads 投稿を開始 ---
[2026-08-18 15:05:01] 全 33 件 / Threads 未投稿 14 件
[2026-08-18 15:05:01] いま投稿すべき pending はありませんでした。
[2026-08-17 23:05:01 PDT / JST 08-18 15:05] Threads 終了コード: 0
[2026-08-17 23:05:01 PDT / JST 08-18 15:05] --- 正常終了 ---
[2026-08-18 00:05:00 PDT / JST 08-18 16:05] python3 = /usr/bin/python3
[2026-08-18 00:05:00 PDT / JST 08-18 16:05] --- Instagram 投稿を開始 ---
[INFO] スケジュール読み込み完了: 全33件 / 保留中(pending): 3件
[INFO] 現在の時間に実行予定の保留中（pending）の投稿はありませんでした。
[2026-08-18 00:05:00 PDT / JST 08-18 16:05] Instagram 終了コード: 0
[2026-08-18 00:05:00 PDT / JST 08-18 16:05] --- Threads 投稿を開始 ---
[2026-08-18 16:05:01] 全 33 件 / Threads 未投稿 14 件
[2026-08-18 16:05:01] いま投稿すべき pending はありませんでした。
[2026-08-18 00:05:01 PDT / JST 08-18 16:05] Threads 終了コード: 0
[2026-08-18 00:05:01 PDT / JST 08-18 16:05] --- 正常終了 ---
[2026-08-18 01:05:01 PDT / JST 08-18 17:05] python3 = /usr/bin/python3
[2026-08-18 01:05:01 PDT / JST 08-18 17:05] --- Instagram 投稿を開始 ---
[INFO] スケジュール読み込み完了: 全33件 / 保留中(pending): 3件
[INFO] 現在の時間に実行予定の保留中（pending）の投稿はありませんでした。
[2026-08-18 01:05:01 PDT / JST 08-18 17:05] Instagram 終了コード: 0
[2026-08-18 01:05:01 PDT / JST 08-18 17:05] --- Threads 投稿を開始 ---
[2026-08-18 17:05:01] 全 33 件 / Threads 未投稿 14 件
[2026-08-18 17:05:01] いま投稿すべき pending はありませんでした。
[2026-08-18 01:05:01 PDT / JST 08-18 17:05] Threads 終了コード: 0
[2026-08-18 01:05:01 PDT / JST 08-18 17:05] --- 正常終了 ---
[2026-08-18 02:05:00 PDT / JST 08-18 18:05] python3 = /usr/bin/python3
[2026-08-18 02:05:00 PDT / JST 08-18 18:05] --- Instagram 投稿を開始 ---
[INFO] スケジュール読み込み完了: 全33件 / 保留中(pending): 3件
[INFO] 現在の時間に実行予定の保留中（pending）の投稿はありませんでした。
[2026-08-18 02:05:00 PDT / JST 08-18 18:05] Instagram 終了コード: 0
[2026-08-18 02:05:00 PDT / JST 08-18 18:05] --- Threads 投稿を開始 ---
[2026-08-18 18:05:01] 全 33 件 / Threads 未投稿 14 件
[2026-08-18 18:05:01] いま投稿すべき pending はありませんでした。
[2026-08-18 02:05:01 PDT / JST 08-18 18:05] Threads 終了コード: 0
[2026-08-18 02:05:01 PDT / JST 08-18 18:05] --- 正常終了 ---
[2026-08-18 03:05:01 PDT / JST 08-18 19:05] python3 = /usr/bin/python3
[2026-08-18 03:05:01 PDT / JST 08-18 19:05] --- Instagram 投稿を開始 ---
[INFO] スケジュール読み込み完了: 全33件 / 保留中(pending): 3件
[INFO] 現在の時間に実行予定の保留中（pending）の投稿はありませんでした。
[2026-08-18 03:05:01 PDT / JST 08-18 19:05] Instagram 終了コード: 0
[2026-08-18 03:05:01 PDT / JST 08-18 19:05] --- Threads 投稿を開始 ---
[2026-08-18 19:05:01] 全 33 件 / Threads 未投稿 14 件
[2026-08-18 19:05:01] いま投稿すべき pending はありませんでした。
[2026-08-18 03:05:01 PDT / JST 08-18 19:05] Threads 終了コード: 0
[2026-08-18 03:05:01 PDT / JST 08-18 19:05] --- 正常終了 ---
[2026-08-18 04:05:01 PDT / JST 08-18 20:05] python3 = /usr/bin/python3
[2026-08-18 04:05:01 PDT / JST 08-18 20:05] --- Instagram 投稿を開始 ---
[INFO] スケジュール読み込み完了: 全33件 / 保留中(pending): 3件
[INFO] 現在の時間に実行予定の保留中（pending）の投稿はありませんでした。
[2026-08-18 04:05:01 PDT / JST 08-18 20:05] Instagram 終了コード: 0
[2026-08-18 04:05:01 PDT / JST 08-18 20:05] --- Threads 投稿を開始 ---
[2026-08-18 20:05:01] 全 33 件 / Threads 未投稿 14 件
[2026-08-18 20:05:01] いま投稿すべき pending はありませんでした。
[2026-08-18 04:05:01 PDT / JST 08-18 20:05] Threads 終了コード: 0
[2026-08-18 04:05:01 PDT / JST 08-18 20:05] --- 正常終了 ---
[2026-08-18 05:05:00 PDT / JST 08-18 21:05] python3 = /usr/bin/python3
[2026-08-18 05:05:00 PDT / JST 08-18 21:05] --- Instagram 投稿を開始 ---
[INFO] スケジュール読み込み完了: 全33件 / 保留中(pending): 3件
[INFO] 現在の時間に実行予定の保留中（pending）の投稿はありませんでした。
[2026-08-18 05:05:00 PDT / JST 08-18 21:05] Instagram 終了コード: 0
[2026-08-18 05:05:01 PDT / JST 08-18 21:05] --- Threads 投稿を開始 ---
[2026-08-18 21:05:01] 全 33 件 / Threads 未投稿 14 件
[2026-08-18 21:05:01] 投稿実行: 20 (予定 2026-08-18 21:00:00)
[2026-08-18 21:05:01]   コンテナ作成中 (media_type=VIDEO)
[2026-08-18 21:05:02]   コンテナ状態: IN_PROGRESS
[2026-08-18 21:05:17]   コンテナ状態: ERROR
[2026-08-18 21:05:17]   → 失敗: メディア処理エラー
[2026-08-18 21:05:17] WARN: 投稿に失敗したため、今回の実行はここで終了します。
[2026-08-18 21:05:17]       原因を確認してから threads_status を pending に戻してください。
[2026-08-18 21:05:17] posts_schedule.csv を更新しました。
[2026-08-18 05:05:17 PDT / JST 08-18 21:05] Threads 終了コード: 0
[2026-08-18 05:05:17 PDT / JST 08-18 21:05] --- 正常終了 ---
[2026-08-18 06:05:00 PDT / JST 08-18 22:05] python3 = /usr/bin/python3
[2026-08-18 06:05:00 PDT / JST 08-18 22:05] --- Instagram 投稿を開始 ---
[INFO] スケジュール読み込み完了: 全33件 / 保留中(pending): 3件
[INFO] 現在の時間に実行予定の保留中（pending）の投稿はありませんでした。
[2026-08-18 06:05:00 PDT / JST 08-18 22:05] Instagram 終了コード: 0
[2026-08-18 06:05:00 PDT / JST 08-18 22:05] --- Threads 投稿を開始 ---
[2026-08-18 22:05:00] 全 33 件 / Threads 未投稿 13 件
[2026-08-18 22:05:00] いま投稿すべき pending はありませんでした。
[2026-08-18 06:05:00 PDT / JST 08-18 22:05] Threads 終了コード: 0
[2026-08-18 06:05:00 PDT / JST 08-18 22:05] --- 正常終了 ---
[2026-08-18 07:05:00 PDT / JST 08-18 23:05] python3 = /usr/bin/python3
[2026-08-18 07:05:00 PDT / JST 08-18 23:05] --- Instagram 投稿を開始 ---
[INFO] スケジュール読み込み完了: 全33件 / 保留中(pending): 3件
[INFO] 現在の時間に実行予定の保留中（pending）の投稿はありませんでした。
[2026-08-18 07:05:00 PDT / JST 08-18 23:05] Instagram 終了コード: 0
[2026-08-18 07:05:00 PDT / JST 08-18 23:05] --- Threads 投稿を開始 ---
[2026-08-18 23:05:00] 全 33 件 / Threads 未投稿 13 件
[2026-08-18 23:05:00] いま投稿すべき pending はありませんでした。
[2026-08-18 07:05:00 PDT / JST 08-18 23:05] Threads 終了コード: 0
[2026-08-18 07:05:00 PDT / JST 08-18 23:05] --- 正常終了 ---
[2026-08-18 08:05:00 PDT / JST 08-19 00:05] python3 = /usr/bin/python3
[2026-08-18 08:05:00 PDT / JST 08-19 00:05] --- Instagram 投稿を開始 ---
[INFO] スケジュール読み込み完了: 全33件 / 保留中(pending): 3件
[INFO] 現在の時間に実行予定の保留中（pending）の投稿はありませんでした。
[2026-08-18 08:05:01 PDT / JST 08-19 00:05] Instagram 終了コード: 0
[2026-08-18 08:05:01 PDT / JST 08-19 00:05] --- Threads 投稿を開始 ---
[2026-08-19 00:05:01] 全 33 件 / Threads 未投稿 13 件
[2026-08-19 00:05:01] いま投稿すべき pending はありませんでした。
[2026-08-18 08:05:01 PDT / JST 08-19 00:05] Threads 終了コード: 0
[2026-08-18 08:05:01 PDT / JST 08-19 00:05] --- 正常終了 ---
[2026-08-18 09:05:00 PDT / JST 08-19 01:05] python3 = /usr/bin/python3
[2026-08-18 09:05:00 PDT / JST 08-19 01:05] --- Instagram 投稿を開始 ---
[INFO] スケジュール読み込み完了: 全33件 / 保留中(pending): 3件
[INFO] 現在の時間に実行予定の保留中（pending）の投稿はありませんでした。
[2026-08-18 09:05:00 PDT / JST 08-19 01:05] Instagram 終了コード: 0
[2026-08-18 09:05:00 PDT / JST 08-19 01:05] --- Threads 投稿を開始 ---
[2026-08-19 01:05:00] 全 33 件 / Threads 未投稿 13 件
[2026-08-19 01:05:00] いま投稿すべき pending はありませんでした。
[2026-08-18 09:05:00 PDT / JST 08-19 01:05] Threads 終了コード: 0
[2026-08-18 09:05:00 PDT / JST 08-19 01:05] --- 正常終了 ---
[2026-08-18 10:05:00 PDT / JST 08-19 02:05] python3 = /usr/bin/python3
[2026-08-18 10:05:01 PDT / JST 08-19 02:05] --- Instagram 投稿を開始 ---
[INFO] スケジュール読み込み完了: 全33件 / 保留中(pending): 3件
[INFO] 現在の時間に実行予定の保留中（pending）の投稿はありませんでした。
[2026-08-18 10:05:01 PDT / JST 08-19 02:05] Instagram 終了コード: 0
[2026-08-18 10:05:01 PDT / JST 08-19 02:05] --- Threads 投稿を開始 ---
[2026-08-19 02:05:01] 全 33 件 / Threads 未投稿 13 件
[2026-08-19 02:05:01] いま投稿すべき pending はありませんでした。
[2026-08-18 10:05:01 PDT / JST 08-19 02:05] Threads 終了コード: 0
[2026-08-18 10:05:01 PDT / JST 08-19 02:05] --- 正常終了 ---
[2026-08-18 11:05:00 PDT / JST 08-19 03:05] python3 = /usr/bin/python3
[2026-08-18 11:05:00 PDT / JST 08-19 03:05] --- Instagram 投稿を開始 ---
[INFO] スケジュール読み込み完了: 全33件 / 保留中(pending): 3件
[INFO] 現在の時間に実行予定の保留中（pending）の投稿はありませんでした。
[2026-08-18 11:05:01 PDT / JST 08-19 03:05] Instagram 終了コード: 0
[2026-08-18 11:05:01 PDT / JST 08-19 03:05] --- Threads 投稿を開始 ---
[2026-08-19 03:05:01] 全 33 件 / Threads 未投稿 13 件
[2026-08-19 03:05:01] いま投稿すべき pending はありませんでした。
[2026-08-18 11:05:01 PDT / JST 08-19 03:05] Threads 終了コード: 0
[2026-08-18 11:05:01 PDT / JST 08-19 03:05] --- 正常終了 ---
[2026-08-18 12:05:00 PDT / JST 08-19 04:05] python3 = /usr/bin/python3
[2026-08-18 12:05:00 PDT / JST 08-19 04:05] --- Instagram 投稿を開始 ---
[INFO] スケジュール読み込み完了: 全33件 / 保留中(pending): 3件
[INFO] 現在の時間に実行予定の保留中（pending）の投稿はありませんでした。
[2026-08-18 12:05:00 PDT / JST 08-19 04:05] Instagram 終了コード: 0
[2026-08-18 12:05:00 PDT / JST 08-19 04:05] --- Threads 投稿を開始 ---
[2026-08-19 04:05:00] 全 33 件 / Threads 未投稿 13 件
[2026-08-19 04:05:00] いま投稿すべき pending はありませんでした。
[2026-08-18 12:05:00 PDT / JST 08-19 04:05] Threads 終了コード: 0
[2026-08-18 12:05:00 PDT / JST 08-19 04:05] --- 正常終了 ---
[2026-08-18 13:05:00 PDT / JST 08-19 05:05] python3 = /usr/bin/python3
[2026-08-18 13:05:00 PDT / JST 08-19 05:05] --- Instagram 投稿を開始 ---
[INFO] スケジュール読み込み完了: 全33件 / 保留中(pending): 3件
[INFO] 現在の時間に実行予定の保留中（pending）の投稿はありませんでした。
[2026-08-18 13:05:00 PDT / JST 08-19 05:05] Instagram 終了コード: 0
[2026-08-18 13:05:00 PDT / JST 08-19 05:05] --- Threads 投稿を開始 ---
[2026-08-19 05:05:00] 全 33 件 / Threads 未投稿 13 件
[2026-08-19 05:05:00] いま投稿すべき pending はありませんでした。
[2026-08-18 13:05:00 PDT / JST 08-19 05:05] Threads 終了コード: 0
[2026-08-18 13:05:00 PDT / JST 08-19 05:05] --- 正常終了 ---
[2026-08-18 14:05:00 PDT / JST 08-19 06:05] python3 = /usr/bin/python3
[2026-08-18 14:05:00 PDT / JST 08-19 06:05] --- Instagram 投稿を開始 ---
[INFO] スケジュール読み込み完了: 全33件 / 保留中(pending): 3件
[INFO] 現在の時間に実行予定の保留中（pending）の投稿はありませんでした。
[2026-08-18 14:05:00 PDT / JST 08-19 06:05] Instagram 終了コード: 0
[2026-08-18 14:05:00 PDT / JST 08-19 06:05] --- Threads 投稿を開始 ---
[2026-08-19 06:05:00] 全 33 件 / Threads 未投稿 13 件
[2026-08-19 06:05:00] いま投稿すべき pending はありませんでした。
[2026-08-18 14:05:00 PDT / JST 08-19 06:05] Threads 終了コード: 0
[2026-08-18 14:05:00 PDT / JST 08-19 06:05] --- 正常終了 ---
[2026-08-18 15:05:00 PDT / JST 08-19 07:05] python3 = /usr/bin/python3
[2026-08-18 15:05:00 PDT / JST 08-19 07:05] --- Instagram 投稿を開始 ---
[INFO] スケジュール読み込み完了: 全33件 / 保留中(pending): 3件
[INFO] 現在の時間に実行予定の保留中（pending）の投稿はありませんでした。
[2026-08-18 15:05:00 PDT / JST 08-19 07:05] Instagram 終了コード: 0
[2026-08-18 15:05:00 PDT / JST 08-19 07:05] --- Threads 投稿を開始 ---
[2026-08-19 07:05:00] 全 33 件 / Threads 未投稿 13 件
[2026-08-19 07:05:00] いま投稿すべき pending はありませんでした。
[2026-08-18 15:05:00 PDT / JST 08-19 07:05] Threads 終了コード: 0
[2026-08-18 15:05:00 PDT / JST 08-19 07:05] --- 正常終了 ---
[2026-08-18 16:05:00 PDT / JST 08-19 08:05] python3 = /usr/bin/python3
[2026-08-18 16:05:00 PDT / JST 08-19 08:05] --- Instagram 投稿を開始 ---
[INFO] スケジュール読み込み完了: 全33件 / 保留中(pending): 3件
[INFO] 現在の時間に実行予定の保留中（pending）の投稿はありませんでした。
[2026-08-18 16:05:00 PDT / JST 08-19 08:05] Instagram 終了コード: 0
[2026-08-18 16:05:00 PDT / JST 08-19 08:05] --- Threads 投稿を開始 ---
[2026-08-19 08:05:00] 全 33 件 / Threads 未投稿 13 件
[2026-08-19 08:05:00] いま投稿すべき pending はありませんでした。
[2026-08-18 16:05:00 PDT / JST 08-19 08:05] Threads 終了コード: 0
[2026-08-18 16:05:00 PDT / JST 08-19 08:05] --- 正常終了 ---
[2026-08-18 17:05:00 PDT / JST 08-19 09:05] python3 = /usr/bin/python3
[2026-08-18 17:05:00 PDT / JST 08-19 09:05] --- Instagram 投稿を開始 ---
[INFO] スケジュール読み込み完了: 全33件 / 保留中(pending): 3件
[INFO] 現在の時間に実行予定の保留中（pending）の投稿はありませんでした。
[2026-08-18 17:05:00 PDT / JST 08-19 09:05] Instagram 終了コード: 0
[2026-08-18 17:05:00 PDT / JST 08-19 09:05] --- Threads 投稿を開始 ---
[2026-08-19 09:05:00] 全 33 件 / Threads 未投稿 13 件
[2026-08-19 09:05:00] いま投稿すべき pending はありませんでした。
[2026-08-18 17:05:00 PDT / JST 08-19 09:05] Threads 終了コード: 0
[2026-08-18 17:05:00 PDT / JST 08-19 09:05] --- 正常終了 ---
[2026-08-18 18:05:00 PDT / JST 08-19 10:05] python3 = /usr/bin/python3
[2026-08-18 18:05:00 PDT / JST 08-19 10:05] --- Instagram 投稿を開始 ---
[INFO] スケジュール読み込み完了: 全33件 / 保留中(pending): 3件
[INFO] 現在の時間に実行予定の保留中（pending）の投稿はありませんでした。
[2026-08-18 18:05:00 PDT / JST 08-19 10:05] Instagram 終了コード: 0
[2026-08-18 18:05:00 PDT / JST 08-19 10:05] --- Threads 投稿を開始 ---
[2026-08-19 10:05:00] 全 33 件 / Threads 未投稿 13 件
[2026-08-19 10:05:00] いま投稿すべき pending はありませんでした。
[2026-08-18 18:05:00 PDT / JST 08-19 10:05] Threads 終了コード: 0
[2026-08-18 18:05:01 PDT / JST 08-19 10:05] --- 正常終了 ---
[2026-08-18 19:05:00 PDT / JST 08-19 11:05] python3 = /usr/bin/python3
[2026-08-18 19:05:00 PDT / JST 08-19 11:05] --- Instagram 投稿を開始 ---
[INFO] スケジュール読み込み完了: 全33件 / 保留中(pending): 3件
[INFO] 現在の時間に実行予定の保留中（pending）の投稿はありませんでした。
[2026-08-18 19:05:00 PDT / JST 08-19 11:05] Instagram 終了コード: 0
[2026-08-18 19:05:00 PDT / JST 08-19 11:05] --- Threads 投稿を開始 ---
[2026-08-19 11:05:01] 全 33 件 / Threads 未投稿 13 件
[2026-08-19 11:05:01] いま投稿すべき pending はありませんでした。
[2026-08-18 19:05:01 PDT / JST 08-19 11:05] Threads 終了コード: 0
[2026-08-18 19:05:01 PDT / JST 08-19 11:05] --- 正常終了 ---
[2026-08-18 20:05:00 PDT / JST 08-19 12:05] python3 = /usr/bin/python3
[2026-08-18 20:05:00 PDT / JST 08-19 12:05] --- Instagram 投稿を開始 ---
[INFO] スケジュール読み込み完了: 全33件 / 保留中(pending): 3件
[INFO] 現在の時間に実行予定の保留中（pending）の投稿はありませんでした。
[2026-08-18 20:05:00 PDT / JST 08-19 12:05] Instagram 終了コード: 0
[2026-08-18 20:05:00 PDT / JST 08-19 12:05] --- Threads 投稿を開始 ---
[2026-08-19 12:05:00] 全 33 件 / Threads 未投稿 13 件
[2026-08-19 12:05:00] いま投稿すべき pending はありませんでした。
[2026-08-18 20:05:00 PDT / JST 08-19 12:05] Threads 終了コード: 0
[2026-08-18 20:05:00 PDT / JST 08-19 12:05] --- 正常終了 ---
[2026-08-18 21:05:01 PDT / JST 08-19 13:05] python3 = /usr/bin/python3
[2026-08-18 21:05:01 PDT / JST 08-19 13:05] --- Instagram 投稿を開始 ---
[INFO] スケジュール読み込み完了: 全33件 / 保留中(pending): 3件
[INFO] 現在の時間に実行予定の保留中（pending）の投稿はありませんでした。
[2026-08-18 21:05:01 PDT / JST 08-19 13:05] Instagram 終了コード: 0
[2026-08-18 21:05:01 PDT / JST 08-19 13:05] --- Threads 投稿を開始 ---
[2026-08-19 13:05:01] 全 33 件 / Threads 未投稿 13 件
[2026-08-19 13:05:01] いま投稿すべき pending はありませんでした。
[2026-08-18 21:05:01 PDT / JST 08-19 13:05] Threads 終了コード: 0
[2026-08-18 21:05:01 PDT / JST 08-19 13:05] --- 正常終了 ---
[2026-08-18 22:05:01 PDT / JST 08-19 14:05] python3 = /usr/bin/python3
[2026-08-18 22:05:01 PDT / JST 08-19 14:05] --- Instagram 投稿を開始 ---
[INFO] スケジュール読み込み完了: 全33件 / 保留中(pending): 3件
[INFO] 現在の時間に実行予定の保留中（pending）の投稿はありませんでした。
[2026-08-18 22:05:01 PDT / JST 08-19 14:05] Instagram 終了コード: 0
[2026-08-18 22:05:01 PDT / JST 08-19 14:05] --- Threads 投稿を開始 ---
[2026-08-19 14:05:01] 全 33 件 / Threads 未投稿 13 件
[2026-08-19 14:05:01] いま投稿すべき pending はありませんでした。
[2026-08-18 22:05:01 PDT / JST 08-19 14:05] Threads 終了コード: 0
[2026-08-18 22:05:01 PDT / JST 08-19 14:05] --- 正常終了 ---
[2026-08-18 23:05:00 PDT / JST 08-19 15:05] python3 = /usr/bin/python3
[2026-08-18 23:05:00 PDT / JST 08-19 15:05] --- Instagram 投稿を開始 ---
[INFO] スケジュール読み込み完了: 全33件 / 保留中(pending): 3件
[INFO] 現在の時間に実行予定の保留中（pending）の投稿はありませんでした。
[2026-08-18 23:05:00 PDT / JST 08-19 15:05] Instagram 終了コード: 0
[2026-08-18 23:05:00 PDT / JST 08-19 15:05] --- Threads 投稿を開始 ---
[2026-08-19 15:05:01] 全 33 件 / Threads 未投稿 13 件
[2026-08-19 15:05:01] いま投稿すべき pending はありませんでした。
[2026-08-18 23:05:01 PDT / JST 08-19 15:05] Threads 終了コード: 0
[2026-08-18 23:05:01 PDT / JST 08-19 15:05] --- 正常終了 ---
[2026-08-19 00:05:00 PDT / JST 08-19 16:05] python3 = /usr/bin/python3
[2026-08-19 00:05:00 PDT / JST 08-19 16:05] --- Instagram 投稿を開始 ---
[INFO] スケジュール読み込み完了: 全33件 / 保留中(pending): 3件
[INFO] 現在の時間に実行予定の保留中（pending）の投稿はありませんでした。
[2026-08-19 00:05:00 PDT / JST 08-19 16:05] Instagram 終了コード: 0
[2026-08-19 00:05:00 PDT / JST 08-19 16:05] --- Threads 投稿を開始 ---
[2026-08-19 16:05:00] 全 33 件 / Threads 未投稿 13 件
[2026-08-19 16:05:00] いま投稿すべき pending はありませんでした。
[2026-08-19 00:05:00 PDT / JST 08-19 16:05] Threads 終了コード: 0
[2026-08-19 00:05:00 PDT / JST 08-19 16:05] --- 正常終了 ---
[2026-08-19 01:05:00 PDT / JST 08-19 17:05] python3 = /usr/bin/python3
[2026-08-19 01:05:00 PDT / JST 08-19 17:05] --- Instagram 投稿を開始 ---
[INFO] スケジュール読み込み完了: 全33件 / 保留中(pending): 3件
[INFO] 現在の時間に実行予定の保留中（pending）の投稿はありませんでした。
[2026-08-19 01:05:00 PDT / JST 08-19 17:05] Instagram 終了コード: 0
[2026-08-19 01:05:00 PDT / JST 08-19 17:05] --- Threads 投稿を開始 ---
[2026-08-19 17:05:00] 全 33 件 / Threads 未投稿 13 件
[2026-08-19 17:05:00] いま投稿すべき pending はありませんでした。
[2026-08-19 01:05:01 PDT / JST 08-19 17:05] Threads 終了コード: 0
[2026-08-19 01:05:01 PDT / JST 08-19 17:05] --- 正常終了 ---
[2026-08-19 02:05:00 PDT / JST 08-19 18:05] python3 = /usr/bin/python3
[2026-08-19 02:05:00 PDT / JST 08-19 18:05] --- Instagram 投稿を開始 ---
[INFO] スケジュール読み込み完了: 全33件 / 保留中(pending): 3件
[INFO] 現在の時間に実行予定の保留中（pending）の投稿はありませんでした。
[2026-08-19 02:05:01 PDT / JST 08-19 18:05] Instagram 終了コード: 0
[2026-08-19 02:05:01 PDT / JST 08-19 18:05] --- Threads 投稿を開始 ---
[2026-08-19 18:05:01] 全 33 件 / Threads 未投稿 13 件
[2026-08-19 18:05:01] いま投稿すべき pending はありませんでした。
[2026-08-19 02:05:01 PDT / JST 08-19 18:05] Threads 終了コード: 0
[2026-08-19 02:05:01 PDT / JST 08-19 18:05] --- 正常終了 ---
[2026-08-19 03:05:00 PDT / JST 08-19 19:05] python3 = /usr/bin/python3
[2026-08-19 03:05:00 PDT / JST 08-19 19:05] --- Instagram 投稿を開始 ---
[INFO] スケジュール読み込み完了: 全33件 / 保留中(pending): 3件
[INFO] 現在の時間に実行予定の保留中（pending）の投稿はありませんでした。
[2026-08-19 03:05:00 PDT / JST 08-19 19:05] Instagram 終了コード: 0
[2026-08-19 03:05:00 PDT / JST 08-19 19:05] --- Threads 投稿を開始 ---
[2026-08-19 19:05:01] 全 33 件 / Threads 未投稿 13 件
[2026-08-19 19:05:01] いま投稿すべき pending はありませんでした。
[2026-08-19 03:05:01 PDT / JST 08-19 19:05] Threads 終了コード: 0
[2026-08-19 03:05:01 PDT / JST 08-19 19:05] --- 正常終了 ---
[2026-08-19 04:05:00 PDT / JST 08-19 20:05] python3 = /usr/bin/python3
[2026-08-19 04:05:00 PDT / JST 08-19 20:05] --- Instagram 投稿を開始 ---
[INFO] スケジュール読み込み完了: 全33件 / 保留中(pending): 3件
[INFO] 現在の時間に実行予定の保留中（pending）の投稿はありませんでした。
[2026-08-19 04:05:00 PDT / JST 08-19 20:05] Instagram 終了コード: 0
[2026-08-19 04:05:00 PDT / JST 08-19 20:05] --- Threads 投稿を開始 ---
[2026-08-19 20:05:00] 全 33 件 / Threads 未投稿 13 件
[2026-08-19 20:05:00] いま投稿すべき pending はありませんでした。
[2026-08-19 04:05:00 PDT / JST 08-19 20:05] Threads 終了コード: 0
[2026-08-19 04:05:00 PDT / JST 08-19 20:05] --- 正常終了 ---
[2026-08-19 05:05:00 PDT / JST 08-19 21:05] python3 = /usr/bin/python3
[2026-08-19 05:05:00 PDT / JST 08-19 21:05] --- Instagram 投稿を開始 ---
[INFO] スケジュール読み込み完了: 全33件 / 保留中(pending): 3件
[INFO] 現在の時間に実行予定の保留中（pending）の投稿はありませんでした。
[2026-08-19 05:05:00 PDT / JST 08-19 21:05] Instagram 終了コード: 0
[2026-08-19 05:05:00 PDT / JST 08-19 21:05] --- Threads 投稿を開始 ---
[2026-08-19 21:05:00] 全 33 件 / Threads 未投稿 13 件
[2026-08-19 21:05:00] 投稿実行: 21 (予定 2026-08-19 21:00:00)
[2026-08-19 21:05:00]   コンテナ作成中 (media_type=VIDEO)
[2026-08-19 21:05:01]   コンテナ状態: IN_PROGRESS
[2026-08-19 21:05:17]   コンテナ状態: ERROR
[2026-08-19 21:05:17]   → 失敗: メディア処理エラー
[2026-08-19 21:05:17] WARN: 投稿に失敗したため、今回の実行はここで終了します。
[2026-08-19 21:05:17]       原因を確認してから threads_status を pending に戻してください。
[2026-08-19 21:05:17] posts_schedule.csv を更新しました。
[2026-08-19 05:05:17 PDT / JST 08-19 21:05] Threads 終了コード: 0
[2026-08-19 05:05:17 PDT / JST 08-19 21:05] --- 正常終了 ---
[2026-08-19 06:05:00 PDT / JST 08-19 22:05] python3 = /usr/bin/python3
[2026-08-19 06:05:00 PDT / JST 08-19 22:05] --- Instagram 投稿を開始 ---
[INFO] スケジュール読み込み完了: 全33件 / 保留中(pending): 3件
[INFO] 現在の時間に実行予定の保留中（pending）の投稿はありませんでした。
[2026-08-19 06:05:00 PDT / JST 08-19 22:05] Instagram 終了コード: 0
[2026-08-19 06:05:00 PDT / JST 08-19 22:05] --- Threads 投稿を開始 ---
[2026-08-19 22:05:01] 全 33 件 / Threads 未投稿 12 件
[2026-08-19 22:05:01] いま投稿すべき pending はありませんでした。
[2026-08-19 06:05:01 PDT / JST 08-19 22:05] Threads 終了コード: 0
[2026-08-19 06:05:01 PDT / JST 08-19 22:05] --- 正常終了 ---
[2026-08-19 07:05:00 PDT / JST 08-19 23:05] python3 = /usr/bin/python3
[2026-08-19 07:05:00 PDT / JST 08-19 23:05] --- Instagram 投稿を開始 ---
[INFO] スケジュール読み込み完了: 全33件 / 保留中(pending): 3件
[INFO] 現在の時間に実行予定の保留中（pending）の投稿はありませんでした。
[2026-08-19 07:05:00 PDT / JST 08-19 23:05] Instagram 終了コード: 0
[2026-08-19 07:05:00 PDT / JST 08-19 23:05] --- Threads 投稿を開始 ---
[2026-08-19 23:05:00] 全 33 件 / Threads 未投稿 12 件
[2026-08-19 23:05:00] いま投稿すべき pending はありませんでした。
[2026-08-19 07:05:00 PDT / JST 08-19 23:05] Threads 終了コード: 0
[2026-08-19 07:05:00 PDT / JST 08-19 23:05] --- 正常終了 ---
[2026-08-19 08:05:00 PDT / JST 08-20 00:05] python3 = /usr/bin/python3
[2026-08-19 08:05:00 PDT / JST 08-20 00:05] --- Instagram 投稿を開始 ---
[INFO] スケジュール読み込み完了: 全33件 / 保留中(pending): 3件
[INFO] 現在の時間に実行予定の保留中（pending）の投稿はありませんでした。
[2026-08-19 08:05:00 PDT / JST 08-20 00:05] Instagram 終了コード: 0
[2026-08-19 08:05:00 PDT / JST 08-20 00:05] --- Threads 投稿を開始 ---
[2026-08-20 00:05:00] 全 33 件 / Threads 未投稿 12 件
[2026-08-20 00:05:00] いま投稿すべき pending はありませんでした。
[2026-08-19 08:05:00 PDT / JST 08-20 00:05] Threads 終了コード: 0
[2026-08-19 08:05:00 PDT / JST 08-20 00:05] --- 正常終了 ---
[2026-08-19 09:05:00 PDT / JST 08-20 01:05] python3 = /usr/bin/python3
[2026-08-19 09:05:00 PDT / JST 08-20 01:05] --- Instagram 投稿を開始 ---
[INFO] スケジュール読み込み完了: 全33件 / 保留中(pending): 3件
[INFO] 現在の時間に実行予定の保留中（pending）の投稿はありませんでした。
[2026-08-19 09:05:01 PDT / JST 08-20 01:05] Instagram 終了コード: 0
[2026-08-19 09:05:01 PDT / JST 08-20 01:05] --- Threads 投稿を開始 ---
[2026-08-20 01:05:01] 全 33 件 / Threads 未投稿 12 件
[2026-08-20 01:05:01] いま投稿すべき pending はありませんでした。
[2026-08-19 09:05:01 PDT / JST 08-20 01:05] Threads 終了コード: 0
[2026-08-19 09:05:01 PDT / JST 08-20 01:05] --- 正常終了 ---
[2026-08-19 10:05:00 PDT / JST 08-20 02:05] python3 = /usr/bin/python3
[2026-08-19 10:05:00 PDT / JST 08-20 02:05] --- Instagram 投稿を開始 ---
[INFO] スケジュール読み込み完了: 全33件 / 保留中(pending): 3件
[INFO] 現在の時間に実行予定の保留中（pending）の投稿はありませんでした。
[2026-08-19 10:05:00 PDT / JST 08-20 02:05] Instagram 終了コード: 0
[2026-08-19 10:05:00 PDT / JST 08-20 02:05] --- Threads 投稿を開始 ---
[2026-08-20 02:05:01] 全 33 件 / Threads 未投稿 12 件
[2026-08-20 02:05:01] いま投稿すべき pending はありませんでした。
[2026-08-19 10:05:01 PDT / JST 08-20 02:05] Threads 終了コード: 0
[2026-08-19 10:05:01 PDT / JST 08-20 02:05] --- 正常終了 ---
[2026-08-19 11:05:00 PDT / JST 08-20 03:05] python3 = /usr/bin/python3
[2026-08-19 11:05:00 PDT / JST 08-20 03:05] --- Instagram 投稿を開始 ---
[INFO] スケジュール読み込み完了: 全33件 / 保留中(pending): 3件
[INFO] 現在の時間に実行予定の保留中（pending）の投稿はありませんでした。
[2026-08-19 11:05:00 PDT / JST 08-20 03:05] Instagram 終了コード: 0
[2026-08-19 11:05:00 PDT / JST 08-20 03:05] --- Threads 投稿を開始 ---
[2026-08-20 03:05:00] 全 33 件 / Threads 未投稿 12 件
[2026-08-20 03:05:00] いま投稿すべき pending はありませんでした。
[2026-08-19 11:05:00 PDT / JST 08-20 03:05] Threads 終了コード: 0
[2026-08-19 11:05:00 PDT / JST 08-20 03:05] --- 正常終了 ---
[2026-08-19 12:05:00 PDT / JST 08-20 04:05] python3 = /usr/bin/python3
[2026-08-19 12:05:00 PDT / JST 08-20 04:05] --- Instagram 投稿を開始 ---
[INFO] スケジュール読み込み完了: 全33件 / 保留中(pending): 3件
[INFO] 現在の時間に実行予定の保留中（pending）の投稿はありませんでした。
[2026-08-19 12:05:00 PDT / JST 08-20 04:05] Instagram 終了コード: 0
[2026-08-19 12:05:00 PDT / JST 08-20 04:05] --- Threads 投稿を開始 ---
[2026-08-20 04:05:00] 全 33 件 / Threads 未投稿 12 件
[2026-08-20 04:05:01] いま投稿すべき pending はありませんでした。
[2026-08-19 12:05:01 PDT / JST 08-20 04:05] Threads 終了コード: 0
[2026-08-19 12:05:01 PDT / JST 08-20 04:05] --- 正常終了 ---
[2026-08-19 13:05:00 PDT / JST 08-20 05:05] python3 = /usr/bin/python3
[2026-08-19 13:05:00 PDT / JST 08-20 05:05] --- Instagram 投稿を開始 ---
[INFO] スケジュール読み込み完了: 全33件 / 保留中(pending): 3件
[INFO] 現在の時間に実行予定の保留中（pending）の投稿はありませんでした。
[2026-08-19 13:05:00 PDT / JST 08-20 05:05] Instagram 終了コード: 0
[2026-08-19 13:05:00 PDT / JST 08-20 05:05] --- Threads 投稿を開始 ---
[2026-08-20 05:05:01] 全 33 件 / Threads 未投稿 12 件
[2026-08-20 05:05:01] いま投稿すべき pending はありませんでした。
[2026-08-19 13:05:01 PDT / JST 08-20 05:05] Threads 終了コード: 0
[2026-08-19 13:05:01 PDT / JST 08-20 05:05] --- 正常終了 ---
[2026-08-19 14:05:00 PDT / JST 08-20 06:05] python3 = /usr/bin/python3
[2026-08-19 14:05:00 PDT / JST 08-20 06:05] --- Instagram 投稿を開始 ---
[INFO] スケジュール読み込み完了: 全33件 / 保留中(pending): 3件
[INFO] 現在の時間に実行予定の保留中（pending）の投稿はありませんでした。
[2026-08-19 14:05:00 PDT / JST 08-20 06:05] Instagram 終了コード: 0
[2026-08-19 14:05:00 PDT / JST 08-20 06:05] --- Threads 投稿を開始 ---
[2026-08-20 06:05:00] 全 33 件 / Threads 未投稿 12 件
[2026-08-20 06:05:01] いま投稿すべき pending はありませんでした。
[2026-08-19 14:05:01 PDT / JST 08-20 06:05] Threads 終了コード: 0
[2026-08-19 14:05:01 PDT / JST 08-20 06:05] --- 正常終了 ---
[2026-08-19 15:05:00 PDT / JST 08-20 07:05] python3 = /usr/bin/python3
[2026-08-19 15:05:00 PDT / JST 08-20 07:05] --- Instagram 投稿を開始 ---
[INFO] スケジュール読み込み完了: 全33件 / 保留中(pending): 3件
[INFO] 現在の時間に実行予定の保留中（pending）の投稿はありませんでした。
[2026-08-19 15:05:01 PDT / JST 08-20 07:05] Instagram 終了コード: 0
[2026-08-19 15:05:01 PDT / JST 08-20 07:05] --- Threads 投稿を開始 ---
[2026-08-20 07:05:01] 全 33 件 / Threads 未投稿 12 件
[2026-08-20 07:05:01] いま投稿すべき pending はありませんでした。
[2026-08-19 15:05:01 PDT / JST 08-20 07:05] Threads 終了コード: 0
[2026-08-19 15:05:01 PDT / JST 08-20 07:05] --- 正常終了 ---
[2026-08-20 02:05:00 PDT / JST 08-20 18:05] python3 = /usr/bin/python3
[2026-08-20 02:05:00 PDT / JST 08-20 18:05] --- Instagram 投稿を開始 ---
[INFO] スケジュール読み込み完了: 全33件 / 保留中(pending): 3件
[INFO] 現在の時間に実行予定の保留中（pending）の投稿はありませんでした。
[2026-08-20 02:05:00 PDT / JST 08-20 18:05] Instagram 終了コード: 0
[2026-08-20 02:05:00 PDT / JST 08-20 18:05] --- Threads 投稿を開始 ---
[2026-08-20 18:05:01] 全 33 件 / Threads 未投稿 12 件
[2026-08-20 18:05:01] いま投稿すべき pending はありませんでした。
[2026-08-20 02:05:01 PDT / JST 08-20 18:05] Threads 終了コード: 0
[2026-08-20 02:05:01 PDT / JST 08-20 18:05] --- 正常終了 ---
[2026-08-20 03:05:01 PDT / JST 08-20 19:05] python3 = /usr/bin/python3
[2026-08-20 03:05:01 PDT / JST 08-20 19:05] --- Instagram 投稿を開始 ---
[INFO] スケジュール読み込み完了: 全33件 / 保留中(pending): 3件
[INFO] 現在の時間に実行予定の保留中（pending）の投稿はありませんでした。
[2026-08-20 03:05:01 PDT / JST 08-20 19:05] Instagram 終了コード: 0
[2026-08-20 03:05:01 PDT / JST 08-20 19:05] --- Threads 投稿を開始 ---
[2026-08-20 19:05:01] 全 33 件 / Threads 未投稿 12 件
[2026-08-20 19:05:01] いま投稿すべき pending はありませんでした。
[2026-08-20 03:05:01 PDT / JST 08-20 19:05] Threads 終了コード: 0
[2026-08-20 03:05:01 PDT / JST 08-20 19:05] --- 正常終了 ---
[2026-08-20 04:05:01 PDT / JST 08-20 20:05] python3 = /usr/bin/python3
[2026-08-20 04:05:01 PDT / JST 08-20 20:05] --- Instagram 投稿を開始 ---
[INFO] スケジュール読み込み完了: 全33件 / 保留中(pending): 3件
[INFO] 現在の時間に実行予定の保留中（pending）の投稿はありませんでした。
[2026-08-20 04:05:01 PDT / JST 08-20 20:05] Instagram 終了コード: 0
[2026-08-20 04:05:01 PDT / JST 08-20 20:05] --- Threads 投稿を開始 ---
[2026-08-20 20:05:01] 全 33 件 / Threads 未投稿 12 件
[2026-08-20 20:05:01] いま投稿すべき pending はありませんでした。
[2026-08-20 04:05:01 PDT / JST 08-20 20:05] Threads 終了コード: 0
[2026-08-20 04:05:01 PDT / JST 08-20 20:05] --- 正常終了 ---
[2026-08-20 05:05:00 PDT / JST 08-20 21:05] python3 = /usr/bin/python3
[2026-08-20 05:05:00 PDT / JST 08-20 21:05] --- Instagram 投稿を開始 ---
[INFO] スケジュール読み込み完了: 全33件 / 保留中(pending): 3件
[INFO] 現在の時間に実行予定の保留中（pending）の投稿はありませんでした。
[2026-08-20 05:05:01 PDT / JST 08-20 21:05] Instagram 終了コード: 0
[2026-08-20 05:05:01 PDT / JST 08-20 21:05] --- Threads 投稿を開始 ---
[2026-08-20 21:05:01] 全 33 件 / Threads 未投稿 12 件
[2026-08-20 21:05:01] 投稿実行: 22 (予定 2026-08-20 21:00:00)
[2026-08-20 21:05:01]   コンテナ作成中 (media_type=VIDEO)
[2026-08-20 21:05:02]   コンテナ状態: IN_PROGRESS
[2026-08-20 21:05:17]   コンテナ状態: ERROR
[2026-08-20 21:05:17]   → 失敗: メディア処理エラー
[2026-08-20 21:05:17] WARN: 投稿に失敗したため、今回の実行はここで終了します。
[2026-08-20 21:05:17]       原因を確認してから threads_status を pending に戻してください。
[2026-08-20 21:05:17] posts_schedule.csv を更新しました。
[2026-08-20 05:05:17 PDT / JST 08-20 21:05] Threads 終了コード: 0
[2026-08-20 05:05:17 PDT / JST 08-20 21:05] --- 正常終了 ---
[2026-08-20 06:05:00 PDT / JST 08-20 22:05] python3 = /usr/bin/python3
[2026-08-20 06:05:00 PDT / JST 08-20 22:05] --- Instagram 投稿を開始 ---
[INFO] スケジュール読み込み完了: 全33件 / 保留中(pending): 3件
[INFO] 現在の時間に実行予定の保留中（pending）の投稿はありませんでした。
[2026-08-20 06:05:01 PDT / JST 08-20 22:05] Instagram 終了コード: 0
[2026-08-20 06:05:01 PDT / JST 08-20 22:05] --- Threads 投稿を開始 ---
[2026-08-20 22:05:01] 全 33 件 / Threads 未投稿 11 件
[2026-08-20 22:05:01] いま投稿すべき pending はありませんでした。
[2026-08-20 06:05:01 PDT / JST 08-20 22:05] Threads 終了コード: 0
[2026-08-20 06:05:01 PDT / JST 08-20 22:05] --- 正常終了 ---
[2026-08-20 07:05:00 PDT / JST 08-20 23:05] python3 = /usr/bin/python3
[2026-08-20 07:05:00 PDT / JST 08-20 23:05] --- Instagram 投稿を開始 ---
[INFO] スケジュール読み込み完了: 全33件 / 保留中(pending): 3件
[INFO] 現在の時間に実行予定の保留中（pending）の投稿はありませんでした。
[2026-08-20 07:05:00 PDT / JST 08-20 23:05] Instagram 終了コード: 0
[2026-08-20 07:05:00 PDT / JST 08-20 23:05] --- Threads 投稿を開始 ---
[2026-08-20 23:05:00] 全 33 件 / Threads 未投稿 11 件
[2026-08-20 23:05:00] いま投稿すべき pending はありませんでした。
[2026-08-20 07:05:00 PDT / JST 08-20 23:05] Threads 終了コード: 0
[2026-08-20 07:05:00 PDT / JST 08-20 23:05] --- 正常終了 ---
[2026-08-20 08:05:00 PDT / JST 08-21 00:05] python3 = /usr/bin/python3
[2026-08-20 08:05:00 PDT / JST 08-21 00:05] --- Instagram 投稿を開始 ---
[INFO] スケジュール読み込み完了: 全33件 / 保留中(pending): 3件
[INFO] 現在の時間に実行予定の保留中（pending）の投稿はありませんでした。
[2026-08-20 08:05:00 PDT / JST 08-21 00:05] Instagram 終了コード: 0
[2026-08-20 08:05:00 PDT / JST 08-21 00:05] --- Threads 投稿を開始 ---
[2026-08-21 00:05:00] 全 33 件 / Threads 未投稿 11 件
[2026-08-21 00:05:00] いま投稿すべき pending はありませんでした。
[2026-08-20 08:05:00 PDT / JST 08-21 00:05] Threads 終了コード: 0
[2026-08-20 08:05:00 PDT / JST 08-21 00:05] --- 正常終了 ---
[2026-08-20 09:05:01 PDT / JST 08-21 01:05] python3 = /usr/bin/python3
[2026-08-20 09:05:01 PDT / JST 08-21 01:05] --- Instagram 投稿を開始 ---
[INFO] スケジュール読み込み完了: 全33件 / 保留中(pending): 3件
[INFO] 現在の時間に実行予定の保留中（pending）の投稿はありませんでした。
[2026-08-20 09:05:01 PDT / JST 08-21 01:05] Instagram 終了コード: 0
[2026-08-20 09:05:01 PDT / JST 08-21 01:05] --- Threads 投稿を開始 ---
[2026-08-21 01:05:01] 全 33 件 / Threads 未投稿 11 件
[2026-08-21 01:05:01] いま投稿すべき pending はありませんでした。
[2026-08-20 09:05:01 PDT / JST 08-21 01:05] Threads 終了コード: 0
[2026-08-20 09:05:01 PDT / JST 08-21 01:05] --- 正常終了 ---
[2026-08-20 10:05:00 PDT / JST 08-21 02:05] python3 = /usr/bin/python3
[2026-08-20 10:05:00 PDT / JST 08-21 02:05] --- Instagram 投稿を開始 ---
[INFO] スケジュール読み込み完了: 全33件 / 保留中(pending): 3件
[INFO] 現在の時間に実行予定の保留中（pending）の投稿はありませんでした。
[2026-08-20 10:05:00 PDT / JST 08-21 02:05] Instagram 終了コード: 0
[2026-08-20 10:05:00 PDT / JST 08-21 02:05] --- Threads 投稿を開始 ---
[2026-08-21 02:05:01] 全 33 件 / Threads 未投稿 11 件
[2026-08-21 02:05:01] いま投稿すべき pending はありませんでした。
[2026-08-20 10:05:01 PDT / JST 08-21 02:05] Threads 終了コード: 0
[2026-08-20 10:05:01 PDT / JST 08-21 02:05] --- 正常終了 ---
[2026-08-20 11:05:01 PDT / JST 08-21 03:05] python3 = /usr/bin/python3
[2026-08-20 11:05:01 PDT / JST 08-21 03:05] --- Instagram 投稿を開始 ---
[INFO] スケジュール読み込み完了: 全33件 / 保留中(pending): 3件
[INFO] 現在の時間に実行予定の保留中（pending）の投稿はありませんでした。
[2026-08-20 11:05:01 PDT / JST 08-21 03:05] Instagram 終了コード: 0
[2026-08-20 11:05:01 PDT / JST 08-21 03:05] --- Threads 投稿を開始 ---
[2026-08-21 03:05:01] 全 33 件 / Threads 未投稿 11 件
[2026-08-21 03:05:01] いま投稿すべき pending はありませんでした。
[2026-08-20 11:05:01 PDT / JST 08-21 03:05] Threads 終了コード: 0
[2026-08-20 11:05:01 PDT / JST 08-21 03:05] --- 正常終了 ---
[2026-08-20 12:05:00 PDT / JST 08-21 04:05] python3 = /usr/bin/python3
[2026-08-20 12:05:00 PDT / JST 08-21 04:05] --- Instagram 投稿を開始 ---
[INFO] スケジュール読み込み完了: 全33件 / 保留中(pending): 3件
[INFO] 現在の時間に実行予定の保留中（pending）の投稿はありませんでした。
[2026-08-20 12:05:00 PDT / JST 08-21 04:05] Instagram 終了コード: 0
[2026-08-20 12:05:00 PDT / JST 08-21 04:05] --- Threads 投稿を開始 ---
[2026-08-21 04:05:01] 全 33 件 / Threads 未投稿 11 件
[2026-08-21 04:05:01] いま投稿すべき pending はありませんでした。
[2026-08-20 12:05:01 PDT / JST 08-21 04:05] Threads 終了コード: 0
[2026-08-20 12:05:01 PDT / JST 08-21 04:05] --- 正常終了 ---
[2026-08-20 13:05:00 PDT / JST 08-21 05:05] python3 = /usr/bin/python3
[2026-08-20 13:05:00 PDT / JST 08-21 05:05] --- Instagram 投稿を開始 ---
[INFO] スケジュール読み込み完了: 全33件 / 保留中(pending): 3件
[INFO] 現在の時間に実行予定の保留中（pending）の投稿はありませんでした。
[2026-08-20 13:05:00 PDT / JST 08-21 05:05] Instagram 終了コード: 0
[2026-08-20 13:05:00 PDT / JST 08-21 05:05] --- Threads 投稿を開始 ---
[2026-08-21 05:05:00] 全 33 件 / Threads 未投稿 11 件
[2026-08-21 05:05:00] いま投稿すべき pending はありませんでした。
[2026-08-20 13:05:00 PDT / JST 08-21 05:05] Threads 終了コード: 0
[2026-08-20 13:05:00 PDT / JST 08-21 05:05] --- 正常終了 ---
[2026-08-20 14:05:00 PDT / JST 08-21 06:05] python3 = /usr/bin/python3
[2026-08-20 14:05:00 PDT / JST 08-21 06:05] --- Instagram 投稿を開始 ---
[INFO] スケジュール読み込み完了: 全33件 / 保留中(pending): 3件
[INFO] 現在の時間に実行予定の保留中（pending）の投稿はありませんでした。
[2026-08-20 14:05:01 PDT / JST 08-21 06:05] Instagram 終了コード: 0
[2026-08-20 14:05:01 PDT / JST 08-21 06:05] --- Threads 投稿を開始 ---
[2026-08-21 06:05:01] 全 33 件 / Threads 未投稿 11 件
[2026-08-21 06:05:01] いま投稿すべき pending はありませんでした。
[2026-08-20 14:05:01 PDT / JST 08-21 06:05] Threads 終了コード: 0
[2026-08-20 14:05:01 PDT / JST 08-21 06:05] --- 正常終了 ---
[2026-08-20 15:05:00 PDT / JST 08-21 07:05] python3 = /usr/bin/python3
[2026-08-20 15:05:00 PDT / JST 08-21 07:05] --- Instagram 投稿を開始 ---
[INFO] スケジュール読み込み完了: 全33件 / 保留中(pending): 3件
[INFO] 現在の時間に実行予定の保留中（pending）の投稿はありませんでした。
[2026-08-20 15:05:00 PDT / JST 08-21 07:05] Instagram 終了コード: 0
[2026-08-20 15:05:00 PDT / JST 08-21 07:05] --- Threads 投稿を開始 ---
[2026-08-21 07:05:00] 全 33 件 / Threads 未投稿 11 件
[2026-08-21 07:05:00] いま投稿すべき pending はありませんでした。
[2026-08-20 15:05:00 PDT / JST 08-21 07:05] Threads 終了コード: 0
[2026-08-20 15:05:00 PDT / JST 08-21 07:05] --- 正常終了 ---
[2026-08-20 19:05:00 PDT / JST 08-21 11:05] python3 = /usr/bin/python3
[2026-08-20 19:05:00 PDT / JST 08-21 11:05] --- Instagram 投稿を開始 ---
[INFO] スケジュール読み込み完了: 全33件 / 保留中(pending): 3件
[INFO] 現在の時間に実行予定の保留中（pending）の投稿はありませんでした。
[2026-08-20 19:05:00 PDT / JST 08-21 11:05] Instagram 終了コード: 0
[2026-08-20 19:05:00 PDT / JST 08-21 11:05] --- Threads 投稿を開始 ---
[2026-08-21 11:05:00] 全 33 件 / Threads 未投稿 11 件
[2026-08-21 11:05:00] いま投稿すべき pending はありませんでした。
[2026-08-20 19:05:00 PDT / JST 08-21 11:05] Threads 終了コード: 0
[2026-08-20 19:05:00 PDT / JST 08-21 11:05] --- 正常終了 ---
[2026-08-20 20:05:00 PDT / JST 08-21 12:05] python3 = /usr/bin/python3
[2026-08-20 20:05:00 PDT / JST 08-21 12:05] --- Instagram 投稿を開始 ---
[INFO] スケジュール読み込み完了: 全33件 / 保留中(pending): 3件
[INFO] 現在の時間に実行予定の保留中（pending）の投稿はありませんでした。
[2026-08-20 20:05:00 PDT / JST 08-21 12:05] Instagram 終了コード: 0
[2026-08-20 20:05:00 PDT / JST 08-21 12:05] --- Threads 投稿を開始 ---
[2026-08-21 12:05:01] 全 33 件 / Threads 未投稿 11 件
[2026-08-21 12:05:01] いま投稿すべき pending はありませんでした。
[2026-08-20 20:05:01 PDT / JST 08-21 12:05] Threads 終了コード: 0
[2026-08-20 20:05:01 PDT / JST 08-21 12:05] --- 正常終了 ---
[2026-08-20 21:05:00 PDT / JST 08-21 13:05] python3 = /usr/bin/python3
[2026-08-20 21:05:00 PDT / JST 08-21 13:05] --- Instagram 投稿を開始 ---
[INFO] スケジュール読み込み完了: 全33件 / 保留中(pending): 3件
[INFO] 現在の時間に実行予定の保留中（pending）の投稿はありませんでした。
[2026-08-20 21:05:01 PDT / JST 08-21 13:05] Instagram 終了コード: 0
[2026-08-20 21:05:01 PDT / JST 08-21 13:05] --- Threads 投稿を開始 ---
[2026-08-21 13:05:01] 全 33 件 / Threads 未投稿 11 件
[2026-08-21 13:05:01] いま投稿すべき pending はありませんでした。
[2026-08-20 21:05:01 PDT / JST 08-21 13:05] Threads 終了コード: 0
[2026-08-20 21:05:01 PDT / JST 08-21 13:05] --- 正常終了 ---
[2026-08-20 22:05:00 PDT / JST 08-21 14:05] python3 = /usr/bin/python3
[2026-08-20 22:05:00 PDT / JST 08-21 14:05] --- Instagram 投稿を開始 ---
[INFO] スケジュール読み込み完了: 全33件 / 保留中(pending): 3件
[INFO] 現在の時間に実行予定の保留中（pending）の投稿はありませんでした。
[2026-08-20 22:05:00 PDT / JST 08-21 14:05] Instagram 終了コード: 0
[2026-08-20 22:05:00 PDT / JST 08-21 14:05] --- Threads 投稿を開始 ---
[2026-08-21 14:05:00] 全 33 件 / Threads 未投稿 11 件
[2026-08-21 14:05:00] いま投稿すべき pending はありませんでした。
[2026-08-20 22:05:00 PDT / JST 08-21 14:05] Threads 終了コード: 0
[2026-08-20 22:05:01 PDT / JST 08-21 14:05] --- 正常終了 ---
[2026-08-20 23:05:00 PDT / JST 08-21 15:05] python3 = /usr/bin/python3
[2026-08-20 23:05:00 PDT / JST 08-21 15:05] --- Instagram 投稿を開始 ---
[INFO] スケジュール読み込み完了: 全33件 / 保留中(pending): 11件
[INFO] 現在の時間に実行予定の保留中（pending）の投稿はありませんでした。
[2026-08-20 23:05:00 PDT / JST 08-21 15:05] Instagram 終了コード: 0
[2026-08-20 23:05:00 PDT / JST 08-21 15:05] --- Threads 投稿を開始 ---
[2026-08-21 15:05:01] 全 33 件 / Threads 未投稿 11 件
[2026-08-21 15:05:01] いま投稿すべき pending はありませんでした。
[2026-08-20 23:05:01 PDT / JST 08-21 15:05] Threads 終了コード: 0
[2026-08-20 23:05:01 PDT / JST 08-21 15:05] --- 正常終了 ---
[2026-08-21 00:05:00 PDT / JST 08-21 16:05] python3 = /usr/bin/python3
[2026-08-21 00:05:00 PDT / JST 08-21 16:05] --- Instagram 投稿を開始 ---
[INFO] スケジュール読み込み完了: 全33件 / 保留中(pending): 11件
[INFO] 現在の時間に実行予定の保留中（pending）の投稿はありませんでした。
[2026-08-21 00:05:00 PDT / JST 08-21 16:05] Instagram 終了コード: 0
[2026-08-21 00:05:00 PDT / JST 08-21 16:05] --- Threads 投稿を開始 ---
[2026-08-21 16:05:01] 全 33 件 / Threads 未投稿 11 件
[2026-08-21 16:05:01] いま投稿すべき pending はありませんでした。
[2026-08-21 00:05:01 PDT / JST 08-21 16:05] Threads 終了コード: 0
[2026-08-21 00:05:01 PDT / JST 08-21 16:05] --- 正常終了 ---
[2026-08-21 01:05:01 PDT / JST 08-21 17:05] python3 = /usr/bin/python3
[2026-08-21 01:05:01 PDT / JST 08-21 17:05] --- Instagram 投稿を開始 ---
[INFO] スケジュール読み込み完了: 全33件 / 保留中(pending): 11件
[INFO] 現在の時間に実行予定の保留中（pending）の投稿はありませんでした。
[2026-08-21 01:05:01 PDT / JST 08-21 17:05] Instagram 終了コード: 0
[2026-08-21 01:05:01 PDT / JST 08-21 17:05] --- Threads 投稿を開始 ---
[2026-08-21 17:05:01] 全 33 件 / Threads 未投稿 11 件
[2026-08-21 17:05:01] いま投稿すべき pending はありませんでした。
[2026-08-21 01:05:01 PDT / JST 08-21 17:05] Threads 終了コード: 0
[2026-08-21 01:05:01 PDT / JST 08-21 17:05] --- 正常終了 ---
[2026-08-21 02:05:01 PDT / JST 08-21 18:05] python3 = /usr/bin/python3
[2026-08-21 02:05:01 PDT / JST 08-21 18:05] --- Instagram 投稿を開始 ---
[INFO] スケジュール読み込み完了: 全33件 / 保留中(pending): 11件
[INFO] 現在の時間に実行予定の保留中（pending）の投稿はありませんでした。
[2026-08-21 02:05:01 PDT / JST 08-21 18:05] Instagram 終了コード: 0
[2026-08-21 02:05:01 PDT / JST 08-21 18:05] --- Threads 投稿を開始 ---
[2026-08-21 18:05:01] 全 33 件 / Threads 未投稿 11 件
[2026-08-21 18:05:01] いま投稿すべき pending はありませんでした。
[2026-08-21 02:05:01 PDT / JST 08-21 18:05] Threads 終了コード: 0
[2026-08-21 02:05:01 PDT / JST 08-21 18:05] --- 正常終了 ---
